[
{
    "pk": 1, 
    "model": "cms.placeholder", 
    "fields": {
        "slot": "clipboard", 
        "default_width": null
    }
},
{
    "pk": 2, 
    "model": "cms.placeholder", 
    "fields": {
        "slot": "intro", 
        "default_width": null
    }
},
{
    "pk": 3, 
    "model": "cms.placeholder", 
    "fields": {
        "slot": "what we do", 
        "default_width": null
    }
},
{
    "pk": 4, 
    "model": "cms.placeholder", 
    "fields": {
        "slot": "our work", 
        "default_width": null
    }
},
{
    "pk": 5, 
    "model": "cms.placeholder", 
    "fields": {
        "slot": "who we are", 
        "default_width": null
    }
},
{
    "pk": 6, 
    "model": "cms.placeholder", 
    "fields": {
        "slot": "lets talk", 
        "default_width": null
    }
},
{
    "pk": 7, 
    "model": "cms.placeholder", 
    "fields": {
        "slot": "intro", 
        "default_width": null
    }
},
{
    "pk": 8, 
    "model": "cms.placeholder", 
    "fields": {
        "slot": "what we do", 
        "default_width": null
    }
},
{
    "pk": 9, 
    "model": "cms.placeholder", 
    "fields": {
        "slot": "our work", 
        "default_width": null
    }
},
{
    "pk": 10, 
    "model": "cms.placeholder", 
    "fields": {
        "slot": "who we are", 
        "default_width": null
    }
},
{
    "pk": 11, 
    "model": "cms.placeholder", 
    "fields": {
        "slot": "lets talk", 
        "default_width": null
    }
},
{
    "pk": 12, 
    "model": "cms.placeholder", 
    "fields": {
        "slot": "footer", 
        "default_width": null
    }
},
{
    "pk": 13, 
    "model": "cms.placeholder", 
    "fields": {
        "slot": "footer", 
        "default_width": null
    }
},
{
    "pk": 14, 
    "model": "cms.placeholder", 
    "fields": {
        "slot": "intro", 
        "default_width": null
    }
},
{
    "pk": 15, 
    "model": "cms.placeholder", 
    "fields": {
        "slot": "what we do", 
        "default_width": null
    }
},
{
    "pk": 16, 
    "model": "cms.placeholder", 
    "fields": {
        "slot": "our work", 
        "default_width": null
    }
},
{
    "pk": 17, 
    "model": "cms.placeholder", 
    "fields": {
        "slot": "who we are", 
        "default_width": null
    }
},
{
    "pk": 18, 
    "model": "cms.placeholder", 
    "fields": {
        "slot": "lets talk", 
        "default_width": null
    }
},
{
    "pk": 19, 
    "model": "cms.placeholder", 
    "fields": {
        "slot": "intro", 
        "default_width": null
    }
},
{
    "pk": 20, 
    "model": "cms.placeholder", 
    "fields": {
        "slot": "what we do", 
        "default_width": null
    }
},
{
    "pk": 21, 
    "model": "cms.placeholder", 
    "fields": {
        "slot": "our work", 
        "default_width": null
    }
},
{
    "pk": 22, 
    "model": "cms.placeholder", 
    "fields": {
        "slot": "who we are", 
        "default_width": null
    }
},
{
    "pk": 23, 
    "model": "cms.placeholder", 
    "fields": {
        "slot": "lets talk", 
        "default_width": null
    }
},
{
    "pk": 24, 
    "model": "cms.placeholder", 
    "fields": {
        "slot": "intro", 
        "default_width": null
    }
},
{
    "pk": 25, 
    "model": "cms.placeholder", 
    "fields": {
        "slot": "what we do", 
        "default_width": null
    }
},
{
    "pk": 26, 
    "model": "cms.placeholder", 
    "fields": {
        "slot": "our work", 
        "default_width": null
    }
},
{
    "pk": 27, 
    "model": "cms.placeholder", 
    "fields": {
        "slot": "who we are", 
        "default_width": null
    }
},
{
    "pk": 28, 
    "model": "cms.placeholder", 
    "fields": {
        "slot": "lets talk", 
        "default_width": null
    }
},
{
    "pk": 29, 
    "model": "cms.placeholder", 
    "fields": {
        "slot": "intro", 
        "default_width": null
    }
},
{
    "pk": 30, 
    "model": "cms.placeholder", 
    "fields": {
        "slot": "what we do", 
        "default_width": null
    }
},
{
    "pk": 31, 
    "model": "cms.placeholder", 
    "fields": {
        "slot": "our work", 
        "default_width": null
    }
},
{
    "pk": 32, 
    "model": "cms.placeholder", 
    "fields": {
        "slot": "who we are", 
        "default_width": null
    }
},
{
    "pk": 33, 
    "model": "cms.placeholder", 
    "fields": {
        "slot": "lets talk", 
        "default_width": null
    }
},
{
    "pk": 34, 
    "model": "cms.placeholder", 
    "fields": {
        "slot": "content", 
        "default_width": null
    }
},
{
    "pk": 35, 
    "model": "cms.placeholder", 
    "fields": {
        "slot": "content", 
        "default_width": null
    }
},
{
    "pk": 36, 
    "model": "cms.placeholder", 
    "fields": {
        "slot": "content", 
        "default_width": null
    }
},
{
    "pk": 37, 
    "model": "cms.placeholder", 
    "fields": {
        "slot": "content", 
        "default_width": null
    }
},
{
    "pk": 38, 
    "model": "cms.placeholder", 
    "fields": {
        "slot": "clipboard", 
        "default_width": null
    }
},
{
    "pk": 39, 
    "model": "cms.placeholder", 
    "fields": {
        "slot": "content", 
        "default_width": null
    }
},
{
    "pk": 40, 
    "model": "cms.placeholder", 
    "fields": {
        "slot": "content", 
        "default_width": null
    }
},
{
    "pk": 41, 
    "model": "cms.placeholder", 
    "fields": {
        "slot": "content", 
        "default_width": null
    }
},
{
    "pk": 42, 
    "model": "cms.placeholder", 
    "fields": {
        "slot": "content", 
        "default_width": null
    }
},
{
    "pk": 1, 
    "model": "cms.cmsplugin", 
    "fields": {
        "rght": 2, 
        "changed_date": "2014-04-17T15:00:45.211Z", 
        "parent": null, 
        "language": "fr", 
        "level": 0, 
        "creation_date": "2014-04-16T12:25:16.239Z", 
        "lft": 1, 
        "tree_id": 1, 
        "position": 0, 
        "placeholder": 4, 
        "plugin_type": "ProjectsPlugin"
    }
},
{
    "pk": 2, 
    "model": "cms.cmsplugin", 
    "fields": {
        "rght": 2, 
        "changed_date": "2014-04-16T12:25:44.158Z", 
        "parent": null, 
        "language": "fr", 
        "level": 0, 
        "creation_date": "2014-04-16T12:25:30.156Z", 
        "lft": 1, 
        "tree_id": 2, 
        "position": 0, 
        "placeholder": 3, 
        "plugin_type": "WhatWeDoPlugin"
    }
},
{
    "pk": 7, 
    "model": "cms.cmsplugin", 
    "fields": {
        "rght": 2, 
        "changed_date": "2014-04-16T13:00:43.046Z", 
        "parent": null, 
        "language": "de", 
        "level": 0, 
        "creation_date": "2014-04-16T12:25:30.156Z", 
        "lft": 1, 
        "tree_id": 7, 
        "position": 0, 
        "placeholder": 3, 
        "plugin_type": "WhatWeDoPlugin"
    }
},
{
    "pk": 8, 
    "model": "cms.cmsplugin", 
    "fields": {
        "rght": 2, 
        "changed_date": "2014-04-17T15:00:45.392Z", 
        "parent": null, 
        "language": "de", 
        "level": 0, 
        "creation_date": "2014-04-16T12:25:16.239Z", 
        "lft": 1, 
        "tree_id": 8, 
        "position": 0, 
        "placeholder": 4, 
        "plugin_type": "ProjectsPlugin"
    }
},
{
    "pk": 10, 
    "model": "cms.cmsplugin", 
    "fields": {
        "rght": 2, 
        "changed_date": "2014-04-16T13:00:56.570Z", 
        "parent": null, 
        "language": "de", 
        "level": 0, 
        "creation_date": "2014-04-16T12:25:30.156Z", 
        "lft": 1, 
        "tree_id": 10, 
        "position": 0, 
        "placeholder": 8, 
        "plugin_type": "WhatWeDoPlugin"
    }
},
{
    "pk": 11, 
    "model": "cms.cmsplugin", 
    "fields": {
        "rght": 2, 
        "changed_date": "2014-04-17T15:00:45.565Z", 
        "parent": null, 
        "language": "de", 
        "level": 0, 
        "creation_date": "2014-04-16T12:25:16.239Z", 
        "lft": 1, 
        "tree_id": 11, 
        "position": 0, 
        "placeholder": 9, 
        "plugin_type": "ProjectsPlugin"
    }
},
{
    "pk": 13, 
    "model": "cms.cmsplugin", 
    "fields": {
        "rght": 2, 
        "changed_date": "2014-04-16T13:52:20.458Z", 
        "parent": null, 
        "language": "fr", 
        "level": 0, 
        "creation_date": "2014-04-16T13:45:56.976Z", 
        "lft": 1, 
        "tree_id": 13, 
        "position": 0, 
        "placeholder": 34, 
        "plugin_type": "LinkPlugin"
    }
},
{
    "pk": 14, 
    "model": "cms.cmsplugin", 
    "fields": {
        "rght": 2, 
        "changed_date": "2014-04-16T13:52:26.771Z", 
        "parent": null, 
        "language": "fr", 
        "level": 0, 
        "creation_date": "2014-04-16T13:45:56.976Z", 
        "lft": 1, 
        "tree_id": 14, 
        "position": 0, 
        "placeholder": 35, 
        "plugin_type": "LinkPlugin"
    }
},
{
    "pk": 15, 
    "model": "cms.cmsplugin", 
    "fields": {
        "rght": 2, 
        "changed_date": "2014-04-16T14:03:08.625Z", 
        "parent": null, 
        "language": "fr", 
        "level": 0, 
        "creation_date": "2014-04-16T12:25:30.156Z", 
        "lft": 1, 
        "tree_id": 15, 
        "position": 0, 
        "placeholder": 8, 
        "plugin_type": "WhatWeDoPlugin"
    }
},
{
    "pk": 16, 
    "model": "cms.cmsplugin", 
    "fields": {
        "rght": 2, 
        "changed_date": "2014-04-17T15:00:45.784Z", 
        "parent": null, 
        "language": "fr", 
        "level": 0, 
        "creation_date": "2014-04-16T12:25:16.239Z", 
        "lft": 1, 
        "tree_id": 16, 
        "position": 0, 
        "placeholder": 9, 
        "plugin_type": "ProjectsPlugin"
    }
},
{
    "pk": 18, 
    "model": "cms.cmsplugin", 
    "fields": {
        "rght": 2, 
        "changed_date": "2014-04-16T14:04:05.261Z", 
        "parent": null, 
        "language": "fr", 
        "level": 0, 
        "creation_date": "2014-04-16T14:04:05.256Z", 
        "lft": 1, 
        "tree_id": 18, 
        "position": null, 
        "placeholder": 1, 
        "plugin_type": "PlaceholderPlugin"
    }
},
{
    "pk": 19, 
    "model": "cms.cmsplugin", 
    "fields": {
        "rght": 2, 
        "changed_date": "2014-04-16T14:04:05.274Z", 
        "parent": null, 
        "language": "fr", 
        "level": 0, 
        "creation_date": "2014-04-16T13:45:56.976Z", 
        "lft": 1, 
        "tree_id": 19, 
        "position": 0, 
        "placeholder": 38, 
        "plugin_type": "LinkPlugin"
    }
},
{
    "pk": 20, 
    "model": "cms.cmsplugin", 
    "fields": {
        "rght": 2, 
        "changed_date": "2014-04-16T14:05:07.158Z", 
        "parent": null, 
        "language": "fr", 
        "level": 0, 
        "creation_date": "2014-04-16T13:45:56.976Z", 
        "lft": 1, 
        "tree_id": 20, 
        "position": 0, 
        "placeholder": 39, 
        "plugin_type": "LinkPlugin"
    }
},
{
    "pk": 21, 
    "model": "cms.cmsplugin", 
    "fields": {
        "rght": 2, 
        "changed_date": "2014-04-16T14:05:18.308Z", 
        "parent": null, 
        "language": "fr", 
        "level": 0, 
        "creation_date": "2014-04-16T13:45:56.976Z", 
        "lft": 1, 
        "tree_id": 21, 
        "position": 0, 
        "placeholder": 41, 
        "plugin_type": "LinkPlugin"
    }
},
{
    "pk": 22, 
    "model": "cms.cmsplugin", 
    "fields": {
        "rght": 2, 
        "changed_date": "2014-04-16T14:34:43.708Z", 
        "parent": null, 
        "language": "de", 
        "level": 0, 
        "creation_date": "2014-04-16T13:45:56.976Z", 
        "lft": 1, 
        "tree_id": 22, 
        "position": 0, 
        "placeholder": 34, 
        "plugin_type": "LinkPlugin"
    }
},
{
    "pk": 23, 
    "model": "cms.cmsplugin", 
    "fields": {
        "rght": 2, 
        "changed_date": "2014-04-16T14:34:46.417Z", 
        "parent": null, 
        "language": "de", 
        "level": 0, 
        "creation_date": "2014-04-16T13:45:56.976Z", 
        "lft": 1, 
        "tree_id": 23, 
        "position": 0, 
        "placeholder": 35, 
        "plugin_type": "LinkPlugin"
    }
},
{
    "pk": 1, 
    "model": "cms.page", 
    "fields": {
        "rght": 10, 
        "navigation_extenders": "", 
        "site": 1, 
        "application_namespace": null, 
        "lft": 1, 
        "in_navigation": false, 
        "reverse_id": null, 
        "login_required": false, 
        "created_by": "root", 
        "languages": "fr,de,en", 
        "publication_end_date": null, 
        "template": "INHERIT", 
        "tree_id": 1, 
        "placeholders": [
            2, 
            3, 
            4, 
            5, 
            6
        ], 
        "changed_date": "2014-04-16T14:03:08.909Z", 
        "limit_visibility_in_menu": null, 
        "parent": null, 
        "soft_root": false, 
        "is_home": true, 
        "publication_date": "2014-04-16T09:52:57.711Z", 
        "creation_date": "2014-04-16T09:52:57.671Z", 
        "publisher_public": 2, 
        "level": 0, 
        "changed_by": "root", 
        "application_urls": "JppHook", 
        "publisher_is_draft": true, 
        "xframe_options": 0, 
        "revision_id": 0
    }
},
{
    "pk": 2, 
    "model": "cms.page", 
    "fields": {
        "rght": 10, 
        "navigation_extenders": "", 
        "site": 1, 
        "application_namespace": null, 
        "lft": 1, 
        "in_navigation": false, 
        "reverse_id": null, 
        "login_required": false, 
        "created_by": "root", 
        "languages": "fr,de,en", 
        "publication_end_date": null, 
        "template": "INHERIT", 
        "tree_id": 2, 
        "placeholders": [
            7, 
            8, 
            9, 
            10, 
            11
        ], 
        "changed_date": "2014-04-16T14:03:08.785Z", 
        "limit_visibility_in_menu": null, 
        "parent": null, 
        "soft_root": false, 
        "is_home": true, 
        "publication_date": "2014-04-16T09:52:57.711Z", 
        "creation_date": "2014-04-16T09:52:57.716Z", 
        "publisher_public": 1, 
        "level": 0, 
        "changed_by": "root", 
        "application_urls": "JppHook", 
        "publisher_is_draft": false, 
        "xframe_options": 0, 
        "revision_id": 0
    }
},
{
    "pk": 3, 
    "model": "cms.page", 
    "fields": {
        "rght": 5, 
        "navigation_extenders": null, 
        "site": 1, 
        "application_namespace": null, 
        "lft": 2, 
        "in_navigation": true, 
        "reverse_id": null, 
        "login_required": false, 
        "created_by": "root", 
        "languages": "fr,de", 
        "publication_end_date": null, 
        "template": "page.html", 
        "tree_id": 1, 
        "placeholders": [
            14, 
            15, 
            16, 
            17, 
            18, 
            34
        ], 
        "changed_date": "2014-04-16T14:34:46.519Z", 
        "limit_visibility_in_menu": null, 
        "parent": 1, 
        "soft_root": false, 
        "is_home": false, 
        "publication_date": "2014-04-16T09:54:49.529Z", 
        "creation_date": "2014-04-16T09:54:38.501Z", 
        "publisher_public": 4, 
        "level": 1, 
        "changed_by": "root", 
        "application_urls": null, 
        "publisher_is_draft": true, 
        "xframe_options": 0, 
        "revision_id": 0
    }
},
{
    "pk": 4, 
    "model": "cms.page", 
    "fields": {
        "rght": 5, 
        "navigation_extenders": null, 
        "site": 1, 
        "application_namespace": null, 
        "lft": 2, 
        "in_navigation": true, 
        "reverse_id": null, 
        "login_required": false, 
        "created_by": "root", 
        "languages": "fr,de", 
        "publication_end_date": null, 
        "template": "page.html", 
        "tree_id": 2, 
        "placeholders": [
            19, 
            20, 
            21, 
            22, 
            23, 
            35
        ], 
        "changed_date": "2014-04-16T14:34:46.427Z", 
        "limit_visibility_in_menu": null, 
        "parent": 2, 
        "soft_root": false, 
        "is_home": false, 
        "publication_date": "2014-04-16T09:54:49.529Z", 
        "creation_date": "2014-04-16T09:54:49.543Z", 
        "publisher_public": 3, 
        "level": 1, 
        "changed_by": "root", 
        "application_urls": null, 
        "publisher_is_draft": false, 
        "xframe_options": 0, 
        "revision_id": 0
    }
},
{
    "pk": 5, 
    "model": "cms.page", 
    "fields": {
        "rght": 9, 
        "navigation_extenders": null, 
        "site": 1, 
        "application_namespace": null, 
        "lft": 6, 
        "in_navigation": true, 
        "reverse_id": null, 
        "login_required": false, 
        "created_by": "root", 
        "languages": "fr", 
        "publication_end_date": null, 
        "template": "page.html", 
        "tree_id": 1, 
        "placeholders": [
            24, 
            25, 
            26, 
            27, 
            28, 
            39
        ], 
        "changed_date": "2014-04-16T14:05:18.368Z", 
        "limit_visibility_in_menu": null, 
        "parent": 1, 
        "soft_root": false, 
        "is_home": false, 
        "publication_date": "2014-04-16T10:01:10.415Z", 
        "creation_date": "2014-04-16T10:01:01.134Z", 
        "publisher_public": 6, 
        "level": 1, 
        "changed_by": "root", 
        "application_urls": null, 
        "publisher_is_draft": true, 
        "xframe_options": 0, 
        "revision_id": 0
    }
},
{
    "pk": 6, 
    "model": "cms.page", 
    "fields": {
        "rght": 9, 
        "navigation_extenders": null, 
        "site": 1, 
        "application_namespace": null, 
        "lft": 6, 
        "in_navigation": true, 
        "reverse_id": null, 
        "login_required": false, 
        "created_by": "root", 
        "languages": "fr", 
        "publication_end_date": null, 
        "template": "page.html", 
        "tree_id": 2, 
        "placeholders": [
            29, 
            30, 
            31, 
            32, 
            33, 
            41
        ], 
        "changed_date": "2014-04-16T14:05:18.319Z", 
        "limit_visibility_in_menu": null, 
        "parent": 2, 
        "soft_root": false, 
        "is_home": false, 
        "publication_date": "2014-04-16T10:01:10.415Z", 
        "creation_date": "2014-04-16T10:01:10.432Z", 
        "publisher_public": 5, 
        "level": 1, 
        "changed_by": "root", 
        "application_urls": null, 
        "publisher_is_draft": false, 
        "xframe_options": 0, 
        "revision_id": 0
    }
},
{
    "pk": 7, 
    "model": "cms.page", 
    "fields": {
        "rght": 4, 
        "navigation_extenders": null, 
        "site": 1, 
        "application_namespace": null, 
        "lft": 3, 
        "in_navigation": true, 
        "reverse_id": null, 
        "login_required": false, 
        "created_by": "root", 
        "languages": "fr,de", 
        "publication_end_date": null, 
        "template": "INHERIT", 
        "tree_id": 1, 
        "placeholders": [
            36
        ], 
        "changed_date": "2014-04-17T14:52:54.998Z", 
        "limit_visibility_in_menu": null, 
        "parent": 3, 
        "soft_root": false, 
        "is_home": false, 
        "publication_date": "2014-04-16T13:51:33.665Z", 
        "creation_date": "2014-04-16T13:51:00.170Z", 
        "publisher_public": 8, 
        "level": 2, 
        "changed_by": "root", 
        "application_urls": null, 
        "publisher_is_draft": true, 
        "xframe_options": 0, 
        "revision_id": 0
    }
},
{
    "pk": 8, 
    "model": "cms.page", 
    "fields": {
        "rght": 4, 
        "navigation_extenders": null, 
        "site": 1, 
        "application_namespace": null, 
        "lft": 3, 
        "in_navigation": false, 
        "reverse_id": null, 
        "login_required": false, 
        "created_by": "root", 
        "languages": "fr,de", 
        "publication_end_date": null, 
        "template": "INHERIT", 
        "tree_id": 2, 
        "placeholders": [
            37
        ], 
        "changed_date": "2014-04-16T14:07:25.334Z", 
        "limit_visibility_in_menu": null, 
        "parent": 4, 
        "soft_root": false, 
        "is_home": false, 
        "publication_date": "2014-04-16T13:51:33.665Z", 
        "creation_date": "2014-04-16T13:51:33.682Z", 
        "publisher_public": 7, 
        "level": 2, 
        "changed_by": "root", 
        "application_urls": null, 
        "publisher_is_draft": false, 
        "xframe_options": 0, 
        "revision_id": 0
    }
},
{
    "pk": 9, 
    "model": "cms.page", 
    "fields": {
        "rght": 8, 
        "navigation_extenders": null, 
        "site": 1, 
        "application_namespace": null, 
        "lft": 7, 
        "in_navigation": false, 
        "reverse_id": null, 
        "login_required": false, 
        "created_by": "root", 
        "languages": "fr,de", 
        "publication_end_date": null, 
        "template": "INHERIT", 
        "tree_id": 1, 
        "placeholders": [
            40
        ], 
        "changed_date": "2014-04-16T14:07:32.170Z", 
        "limit_visibility_in_menu": null, 
        "parent": 5, 
        "soft_root": false, 
        "is_home": false, 
        "publication_date": "2014-04-16T13:51:33.665Z", 
        "creation_date": "2014-04-16T14:04:55.501Z", 
        "publisher_public": 10, 
        "level": 2, 
        "changed_by": "root", 
        "application_urls": null, 
        "publisher_is_draft": true, 
        "xframe_options": 0, 
        "revision_id": 0
    }
},
{
    "pk": 10, 
    "model": "cms.page", 
    "fields": {
        "rght": 8, 
        "navigation_extenders": null, 
        "site": 1, 
        "application_namespace": null, 
        "lft": 7, 
        "in_navigation": false, 
        "reverse_id": null, 
        "login_required": false, 
        "created_by": "root", 
        "languages": "de,fr", 
        "publication_end_date": null, 
        "template": "INHERIT", 
        "tree_id": 2, 
        "placeholders": [
            42
        ], 
        "changed_date": "2014-04-16T14:07:32.129Z", 
        "limit_visibility_in_menu": null, 
        "parent": 6, 
        "soft_root": false, 
        "is_home": false, 
        "publication_date": "2014-04-16T13:51:33.665Z", 
        "creation_date": "2014-04-16T14:05:22.867Z", 
        "publisher_public": 9, 
        "level": 2, 
        "changed_by": "root", 
        "application_urls": null, 
        "publisher_is_draft": false, 
        "xframe_options": 0, 
        "revision_id": 0
    }
},
{
    "pk": 1, 
    "model": "cms.title", 
    "fields": {
        "menu_title": "", 
        "meta_description": "", 
        "page_title": "Journalism++", 
        "language": "fr", 
        "title": "Home", 
        "has_url_overwrite": false, 
        "redirect": "", 
        "publisher_is_draft": true, 
        "page": 1, 
        "published": true, 
        "path": "", 
        "publisher_state": 1, 
        "creation_date": "2014-04-16T09:52:57.706Z", 
        "slug": "home", 
        "publisher_public": 2
    }
},
{
    "pk": 2, 
    "model": "cms.title", 
    "fields": {
        "menu_title": "", 
        "meta_description": "", 
        "page_title": "Journalism++", 
        "language": "fr", 
        "title": "Home", 
        "has_url_overwrite": false, 
        "redirect": "", 
        "publisher_is_draft": false, 
        "page": 2, 
        "published": true, 
        "path": "", 
        "publisher_state": 1, 
        "creation_date": "2014-04-16T09:52:57.706Z", 
        "slug": "home", 
        "publisher_public": 1
    }
},
{
    "pk": 3, 
    "model": "cms.title", 
    "fields": {
        "menu_title": "", 
        "meta_description": "", 
        "page_title": "", 
        "language": "de", 
        "title": "Home", 
        "has_url_overwrite": false, 
        "redirect": "", 
        "publisher_is_draft": true, 
        "page": 1, 
        "published": true, 
        "path": "", 
        "publisher_state": 1, 
        "creation_date": "2014-04-16T09:53:05.417Z", 
        "slug": "home", 
        "publisher_public": 8
    }
},
{
    "pk": 4, 
    "model": "cms.title", 
    "fields": {
        "menu_title": "", 
        "meta_description": "", 
        "page_title": "Paris / Berlin", 
        "language": "fr", 
        "title": "Paris/Berlin", 
        "has_url_overwrite": false, 
        "redirect": null, 
        "publisher_is_draft": true, 
        "page": 3, 
        "published": true, 
        "path": "paris-berlin", 
        "publisher_state": 1, 
        "creation_date": "2014-04-16T09:54:38.530Z", 
        "slug": "paris-berlin", 
        "publisher_public": 5
    }
},
{
    "pk": 5, 
    "model": "cms.title", 
    "fields": {
        "menu_title": "", 
        "meta_description": "", 
        "page_title": "Paris / Berlin", 
        "language": "fr", 
        "title": "Paris/Berlin", 
        "has_url_overwrite": false, 
        "redirect": null, 
        "publisher_is_draft": false, 
        "page": 4, 
        "published": true, 
        "path": "paris-berlin", 
        "publisher_state": 1, 
        "creation_date": "2014-04-16T09:54:38.530Z", 
        "slug": "paris-berlin", 
        "publisher_public": 4
    }
},
{
    "pk": 6, 
    "model": "cms.title", 
    "fields": {
        "menu_title": "", 
        "meta_description": "", 
        "page_title": "", 
        "language": "fr", 
        "title": "Cologne", 
        "has_url_overwrite": false, 
        "redirect": null, 
        "publisher_is_draft": true, 
        "page": 5, 
        "published": true, 
        "path": "cologne", 
        "publisher_state": 1, 
        "creation_date": "2014-04-16T10:01:01.169Z", 
        "slug": "cologne", 
        "publisher_public": 7
    }
},
{
    "pk": 7, 
    "model": "cms.title", 
    "fields": {
        "menu_title": "", 
        "meta_description": "", 
        "page_title": "", 
        "language": "fr", 
        "title": "Cologne", 
        "has_url_overwrite": false, 
        "redirect": null, 
        "publisher_is_draft": false, 
        "page": 6, 
        "published": true, 
        "path": "cologne", 
        "publisher_state": 1, 
        "creation_date": "2014-04-16T10:01:01.169Z", 
        "slug": "cologne", 
        "publisher_public": 6
    }
},
{
    "pk": 8, 
    "model": "cms.title", 
    "fields": {
        "menu_title": "", 
        "meta_description": "", 
        "page_title": "", 
        "language": "de", 
        "title": "Home", 
        "has_url_overwrite": false, 
        "redirect": "", 
        "publisher_is_draft": false, 
        "page": 2, 
        "published": true, 
        "path": "", 
        "publisher_state": 1, 
        "creation_date": "2014-04-16T09:53:05.417Z", 
        "slug": "home", 
        "publisher_public": 3
    }
},
{
    "pk": 9, 
    "model": "cms.title", 
    "fields": {
        "menu_title": "", 
        "meta_description": "", 
        "page_title": "", 
        "language": "en", 
        "title": "Home", 
        "has_url_overwrite": false, 
        "redirect": null, 
        "publisher_is_draft": true, 
        "page": 1, 
        "published": true, 
        "path": "", 
        "publisher_state": 1, 
        "creation_date": "2014-04-16T10:31:04.754Z", 
        "slug": "home", 
        "publisher_public": 10
    }
},
{
    "pk": 10, 
    "model": "cms.title", 
    "fields": {
        "menu_title": "", 
        "meta_description": "", 
        "page_title": "", 
        "language": "en", 
        "title": "Home", 
        "has_url_overwrite": false, 
        "redirect": null, 
        "publisher_is_draft": false, 
        "page": 2, 
        "published": true, 
        "path": "", 
        "publisher_state": 0, 
        "creation_date": "2014-04-16T10:31:04.754Z", 
        "slug": "home", 
        "publisher_public": 9
    }
},
{
    "pk": 11, 
    "model": "cms.title", 
    "fields": {
        "menu_title": "", 
        "meta_description": "", 
        "page_title": "", 
        "language": "fr", 
        "title": "Projet", 
        "has_url_overwrite": false, 
        "redirect": null, 
        "publisher_is_draft": true, 
        "page": 7, 
        "published": true, 
        "path": "paris-berlin/projects", 
        "publisher_state": 1, 
        "creation_date": "2014-04-16T13:51:00.184Z", 
        "slug": "projects", 
        "publisher_public": 13
    }
},
{
    "pk": 12, 
    "model": "cms.title", 
    "fields": {
        "menu_title": "", 
        "meta_description": "", 
        "page_title": "", 
        "language": "de", 
        "title": "Projects", 
        "has_url_overwrite": false, 
        "redirect": null, 
        "publisher_is_draft": true, 
        "page": 7, 
        "published": true, 
        "path": "paris-berlin/projects", 
        "publisher_state": 1, 
        "creation_date": "2014-04-16T13:51:26.319Z", 
        "slug": "projects", 
        "publisher_public": 14
    }
},
{
    "pk": 13, 
    "model": "cms.title", 
    "fields": {
        "menu_title": "", 
        "meta_description": "", 
        "page_title": "", 
        "language": "fr", 
        "title": "Projet", 
        "has_url_overwrite": false, 
        "redirect": null, 
        "publisher_is_draft": false, 
        "page": 8, 
        "published": true, 
        "path": "paris-berlin/projects", 
        "publisher_state": 0, 
        "creation_date": "2014-04-16T13:51:00.184Z", 
        "slug": "projects", 
        "publisher_public": 11
    }
},
{
    "pk": 14, 
    "model": "cms.title", 
    "fields": {
        "menu_title": "", 
        "meta_description": "", 
        "page_title": "", 
        "language": "de", 
        "title": "Projects", 
        "has_url_overwrite": false, 
        "redirect": null, 
        "publisher_is_draft": false, 
        "page": 8, 
        "published": true, 
        "path": "paris-berlin/projects", 
        "publisher_state": 0, 
        "creation_date": "2014-04-16T13:51:26.319Z", 
        "slug": "projects", 
        "publisher_public": 12
    }
},
{
    "pk": 15, 
    "model": "cms.title", 
    "fields": {
        "menu_title": "", 
        "meta_description": "", 
        "page_title": "", 
        "language": "de", 
        "title": "Paris/Berlin", 
        "has_url_overwrite": false, 
        "redirect": null, 
        "publisher_is_draft": true, 
        "page": 3, 
        "published": true, 
        "path": "paris-berlin", 
        "publisher_state": 1, 
        "creation_date": "2014-04-16T13:54:13.736Z", 
        "slug": "paris-berlin", 
        "publisher_public": 16
    }
},
{
    "pk": 16, 
    "model": "cms.title", 
    "fields": {
        "menu_title": "", 
        "meta_description": "", 
        "page_title": "", 
        "language": "de", 
        "title": "Paris/Berlin", 
        "has_url_overwrite": false, 
        "redirect": null, 
        "publisher_is_draft": false, 
        "page": 4, 
        "published": true, 
        "path": "paris-berlin", 
        "publisher_state": 1, 
        "creation_date": "2014-04-16T13:54:13.736Z", 
        "slug": "paris-berlin", 
        "publisher_public": 15
    }
},
{
    "pk": 17, 
    "model": "cms.title", 
    "fields": {
        "menu_title": "", 
        "meta_description": "", 
        "page_title": "", 
        "language": "fr", 
        "title": "Projet", 
        "has_url_overwrite": false, 
        "redirect": null, 
        "publisher_is_draft": true, 
        "page": 9, 
        "published": true, 
        "path": "cologne/projects", 
        "publisher_state": 0, 
        "creation_date": "2014-04-16T13:51:00.184Z", 
        "slug": "projects", 
        "publisher_public": 20
    }
},
{
    "pk": 18, 
    "model": "cms.title", 
    "fields": {
        "menu_title": "", 
        "meta_description": "", 
        "page_title": "", 
        "language": "de", 
        "title": "Projects", 
        "has_url_overwrite": false, 
        "redirect": null, 
        "publisher_is_draft": true, 
        "page": 9, 
        "published": true, 
        "path": "cologne/projects", 
        "publisher_state": 1, 
        "creation_date": "2014-04-16T13:51:26.319Z", 
        "slug": "projects", 
        "publisher_public": 19
    }
},
{
    "pk": 19, 
    "model": "cms.title", 
    "fields": {
        "menu_title": "", 
        "meta_description": "", 
        "page_title": "", 
        "language": "de", 
        "title": "Projects", 
        "has_url_overwrite": false, 
        "redirect": null, 
        "publisher_is_draft": false, 
        "page": 10, 
        "published": false, 
        "path": "cologne/projects", 
        "publisher_state": 4, 
        "creation_date": "2014-04-16T13:51:26.319Z", 
        "slug": "projects", 
        "publisher_public": 18
    }
},
{
    "pk": 20, 
    "model": "cms.title", 
    "fields": {
        "menu_title": "", 
        "meta_description": "", 
        "page_title": "", 
        "language": "fr", 
        "title": "Projet", 
        "has_url_overwrite": false, 
        "redirect": null, 
        "publisher_is_draft": false, 
        "page": 10, 
        "published": true, 
        "path": "cologne/projects", 
        "publisher_state": 0, 
        "creation_date": "2014-04-16T13:51:00.184Z", 
        "slug": "projects", 
        "publisher_public": 17
    }
},
{
    "pk": 18, 
    "model": "cms.placeholderreference", 
    "fields": {
        "placeholder_ref": 38, 
        "name": "Contenu"
    }
},
{
    "pk": 1, 
    "model": "cms.staticplaceholder", 
    "fields": {
        "code": "footer", 
        "name": "footer", 
        "creation_method": "template", 
        "site": null, 
        "draft": 12, 
        "dirty": false, 
        "public": 13
    }
},
{
    "pk": 1, 
    "model": "auth.permission", 
    "fields": {
        "codename": "add_permission", 
        "name": "Can add permission", 
        "content_type": 1
    }
},
{
    "pk": 2, 
    "model": "auth.permission", 
    "fields": {
        "codename": "change_permission", 
        "name": "Can change permission", 
        "content_type": 1
    }
},
{
    "pk": 3, 
    "model": "auth.permission", 
    "fields": {
        "codename": "delete_permission", 
        "name": "Can delete permission", 
        "content_type": 1
    }
},
{
    "pk": 4, 
    "model": "auth.permission", 
    "fields": {
        "codename": "add_group", 
        "name": "Can add group", 
        "content_type": 2
    }
},
{
    "pk": 5, 
    "model": "auth.permission", 
    "fields": {
        "codename": "change_group", 
        "name": "Can change group", 
        "content_type": 2
    }
},
{
    "pk": 6, 
    "model": "auth.permission", 
    "fields": {
        "codename": "delete_group", 
        "name": "Can delete group", 
        "content_type": 2
    }
},
{
    "pk": 7, 
    "model": "auth.permission", 
    "fields": {
        "codename": "add_user", 
        "name": "Can add user", 
        "content_type": 3
    }
},
{
    "pk": 8, 
    "model": "auth.permission", 
    "fields": {
        "codename": "change_user", 
        "name": "Can change user", 
        "content_type": 3
    }
},
{
    "pk": 9, 
    "model": "auth.permission", 
    "fields": {
        "codename": "delete_user", 
        "name": "Can delete user", 
        "content_type": 3
    }
},
{
    "pk": 10, 
    "model": "auth.permission", 
    "fields": {
        "codename": "add_contenttype", 
        "name": "Can add content type", 
        "content_type": 4
    }
},
{
    "pk": 11, 
    "model": "auth.permission", 
    "fields": {
        "codename": "change_contenttype", 
        "name": "Can change content type", 
        "content_type": 4
    }
},
{
    "pk": 12, 
    "model": "auth.permission", 
    "fields": {
        "codename": "delete_contenttype", 
        "name": "Can delete content type", 
        "content_type": 4
    }
},
{
    "pk": 13, 
    "model": "auth.permission", 
    "fields": {
        "codename": "add_session", 
        "name": "Can add session", 
        "content_type": 5
    }
},
{
    "pk": 14, 
    "model": "auth.permission", 
    "fields": {
        "codename": "change_session", 
        "name": "Can change session", 
        "content_type": 5
    }
},
{
    "pk": 15, 
    "model": "auth.permission", 
    "fields": {
        "codename": "delete_session", 
        "name": "Can delete session", 
        "content_type": 5
    }
},
{
    "pk": 16, 
    "model": "auth.permission", 
    "fields": {
        "codename": "add_logentry", 
        "name": "Can add log entry", 
        "content_type": 6
    }
},
{
    "pk": 17, 
    "model": "auth.permission", 
    "fields": {
        "codename": "change_logentry", 
        "name": "Can change log entry", 
        "content_type": 6
    }
},
{
    "pk": 18, 
    "model": "auth.permission", 
    "fields": {
        "codename": "delete_logentry", 
        "name": "Can delete log entry", 
        "content_type": 6
    }
},
{
    "pk": 19, 
    "model": "auth.permission", 
    "fields": {
        "codename": "add_site", 
        "name": "Can add site", 
        "content_type": 7
    }
},
{
    "pk": 20, 
    "model": "auth.permission", 
    "fields": {
        "codename": "change_site", 
        "name": "Can change site", 
        "content_type": 7
    }
},
{
    "pk": 21, 
    "model": "auth.permission", 
    "fields": {
        "codename": "delete_site", 
        "name": "Can delete site", 
        "content_type": 7
    }
},
{
    "pk": 22, 
    "model": "auth.permission", 
    "fields": {
        "codename": "add_migrationhistory", 
        "name": "Can add migration history", 
        "content_type": 8
    }
},
{
    "pk": 23, 
    "model": "auth.permission", 
    "fields": {
        "codename": "change_migrationhistory", 
        "name": "Can change migration history", 
        "content_type": 8
    }
},
{
    "pk": 24, 
    "model": "auth.permission", 
    "fields": {
        "codename": "delete_migrationhistory", 
        "name": "Can delete migration history", 
        "content_type": 8
    }
},
{
    "pk": 25, 
    "model": "auth.permission", 
    "fields": {
        "codename": "add_usersettings", 
        "name": "Can add user setting", 
        "content_type": 9
    }
},
{
    "pk": 26, 
    "model": "auth.permission", 
    "fields": {
        "codename": "change_usersettings", 
        "name": "Can change user setting", 
        "content_type": 9
    }
},
{
    "pk": 27, 
    "model": "auth.permission", 
    "fields": {
        "codename": "delete_usersettings", 
        "name": "Can delete user setting", 
        "content_type": 9
    }
},
{
    "pk": 28, 
    "model": "auth.permission", 
    "fields": {
        "codename": "add_placeholder", 
        "name": "Can add placeholder", 
        "content_type": 10
    }
},
{
    "pk": 29, 
    "model": "auth.permission", 
    "fields": {
        "codename": "change_placeholder", 
        "name": "Can change placeholder", 
        "content_type": 10
    }
},
{
    "pk": 30, 
    "model": "auth.permission", 
    "fields": {
        "codename": "delete_placeholder", 
        "name": "Can delete placeholder", 
        "content_type": 10
    }
},
{
    "pk": 31, 
    "model": "auth.permission", 
    "fields": {
        "codename": "add_cmsplugin", 
        "name": "Can add cms plugin", 
        "content_type": 11
    }
},
{
    "pk": 32, 
    "model": "auth.permission", 
    "fields": {
        "codename": "change_cmsplugin", 
        "name": "Can change cms plugin", 
        "content_type": 11
    }
},
{
    "pk": 33, 
    "model": "auth.permission", 
    "fields": {
        "codename": "delete_cmsplugin", 
        "name": "Can delete cms plugin", 
        "content_type": 11
    }
},
{
    "pk": 34, 
    "model": "auth.permission", 
    "fields": {
        "codename": "add_page", 
        "name": "Can add page", 
        "content_type": 12
    }
},
{
    "pk": 35, 
    "model": "auth.permission", 
    "fields": {
        "codename": "change_page", 
        "name": "Can change page", 
        "content_type": 12
    }
},
{
    "pk": 36, 
    "model": "auth.permission", 
    "fields": {
        "codename": "delete_page", 
        "name": "Can delete page", 
        "content_type": 12
    }
},
{
    "pk": 37, 
    "model": "auth.permission", 
    "fields": {
        "codename": "view_page", 
        "name": "Can view page", 
        "content_type": 12
    }
},
{
    "pk": 38, 
    "model": "auth.permission", 
    "fields": {
        "codename": "publish_page", 
        "name": "Can publish page", 
        "content_type": 12
    }
},
{
    "pk": 39, 
    "model": "auth.permission", 
    "fields": {
        "codename": "add_globalpagepermission", 
        "name": "Can add Page global permission", 
        "content_type": 13
    }
},
{
    "pk": 40, 
    "model": "auth.permission", 
    "fields": {
        "codename": "change_globalpagepermission", 
        "name": "Can change Page global permission", 
        "content_type": 13
    }
},
{
    "pk": 41, 
    "model": "auth.permission", 
    "fields": {
        "codename": "delete_globalpagepermission", 
        "name": "Can delete Page global permission", 
        "content_type": 13
    }
},
{
    "pk": 42, 
    "model": "auth.permission", 
    "fields": {
        "codename": "add_pagepermission", 
        "name": "Can add Page permission", 
        "content_type": 14
    }
},
{
    "pk": 43, 
    "model": "auth.permission", 
    "fields": {
        "codename": "change_pagepermission", 
        "name": "Can change Page permission", 
        "content_type": 14
    }
},
{
    "pk": 44, 
    "model": "auth.permission", 
    "fields": {
        "codename": "delete_pagepermission", 
        "name": "Can delete Page permission", 
        "content_type": 14
    }
},
{
    "pk": 45, 
    "model": "auth.permission", 
    "fields": {
        "codename": "add_pageuser", 
        "name": "Can add User (page)", 
        "content_type": 15
    }
},
{
    "pk": 46, 
    "model": "auth.permission", 
    "fields": {
        "codename": "change_pageuser", 
        "name": "Can change User (page)", 
        "content_type": 15
    }
},
{
    "pk": 47, 
    "model": "auth.permission", 
    "fields": {
        "codename": "delete_pageuser", 
        "name": "Can delete User (page)", 
        "content_type": 15
    }
},
{
    "pk": 48, 
    "model": "auth.permission", 
    "fields": {
        "codename": "add_pageusergroup", 
        "name": "Can add User group (page)", 
        "content_type": 16
    }
},
{
    "pk": 49, 
    "model": "auth.permission", 
    "fields": {
        "codename": "change_pageusergroup", 
        "name": "Can change User group (page)", 
        "content_type": 16
    }
},
{
    "pk": 50, 
    "model": "auth.permission", 
    "fields": {
        "codename": "delete_pageusergroup", 
        "name": "Can delete User group (page)", 
        "content_type": 16
    }
},
{
    "pk": 51, 
    "model": "auth.permission", 
    "fields": {
        "codename": "add_title", 
        "name": "Can add title", 
        "content_type": 17
    }
},
{
    "pk": 52, 
    "model": "auth.permission", 
    "fields": {
        "codename": "change_title", 
        "name": "Can change title", 
        "content_type": 17
    }
},
{
    "pk": 53, 
    "model": "auth.permission", 
    "fields": {
        "codename": "delete_title", 
        "name": "Can delete title", 
        "content_type": 17
    }
},
{
    "pk": 54, 
    "model": "auth.permission", 
    "fields": {
        "codename": "add_placeholderreference", 
        "name": "Can add placeholder reference", 
        "content_type": 18
    }
},
{
    "pk": 55, 
    "model": "auth.permission", 
    "fields": {
        "codename": "change_placeholderreference", 
        "name": "Can change placeholder reference", 
        "content_type": 18
    }
},
{
    "pk": 56, 
    "model": "auth.permission", 
    "fields": {
        "codename": "delete_placeholderreference", 
        "name": "Can delete placeholder reference", 
        "content_type": 18
    }
},
{
    "pk": 57, 
    "model": "auth.permission", 
    "fields": {
        "codename": "add_staticplaceholder", 
        "name": "Can add static placeholder", 
        "content_type": 19
    }
},
{
    "pk": 58, 
    "model": "auth.permission", 
    "fields": {
        "codename": "change_staticplaceholder", 
        "name": "Can change static placeholder", 
        "content_type": 19
    }
},
{
    "pk": 59, 
    "model": "auth.permission", 
    "fields": {
        "codename": "delete_staticplaceholder", 
        "name": "Can delete static placeholder", 
        "content_type": 19
    }
},
{
    "pk": 60, 
    "model": "auth.permission", 
    "fields": {
        "codename": "add_text", 
        "name": "Can add text", 
        "content_type": 20
    }
},
{
    "pk": 61, 
    "model": "auth.permission", 
    "fields": {
        "codename": "change_text", 
        "name": "Can change text", 
        "content_type": 20
    }
},
{
    "pk": 62, 
    "model": "auth.permission", 
    "fields": {
        "codename": "delete_text", 
        "name": "Can delete text", 
        "content_type": 20
    }
},
{
    "pk": 63, 
    "model": "auth.permission", 
    "fields": {
        "codename": "add_cachekey", 
        "name": "Can add cache key", 
        "content_type": 21
    }
},
{
    "pk": 64, 
    "model": "auth.permission", 
    "fields": {
        "codename": "change_cachekey", 
        "name": "Can change cache key", 
        "content_type": 21
    }
},
{
    "pk": 65, 
    "model": "auth.permission", 
    "fields": {
        "codename": "delete_cachekey", 
        "name": "Can delete cache key", 
        "content_type": 21
    }
},
{
    "pk": 66, 
    "model": "auth.permission", 
    "fields": {
        "codename": "add_style", 
        "name": "Can add style", 
        "content_type": 22
    }
},
{
    "pk": 67, 
    "model": "auth.permission", 
    "fields": {
        "codename": "change_style", 
        "name": "Can change style", 
        "content_type": 22
    }
},
{
    "pk": 68, 
    "model": "auth.permission", 
    "fields": {
        "codename": "delete_style", 
        "name": "Can delete style", 
        "content_type": 22
    }
},
{
    "pk": 69, 
    "model": "auth.permission", 
    "fields": {
        "codename": "add_multicolumns", 
        "name": "Can add multi columns", 
        "content_type": 23
    }
},
{
    "pk": 70, 
    "model": "auth.permission", 
    "fields": {
        "codename": "change_multicolumns", 
        "name": "Can change multi columns", 
        "content_type": 23
    }
},
{
    "pk": 71, 
    "model": "auth.permission", 
    "fields": {
        "codename": "delete_multicolumns", 
        "name": "Can delete multi columns", 
        "content_type": 23
    }
},
{
    "pk": 72, 
    "model": "auth.permission", 
    "fields": {
        "codename": "add_column", 
        "name": "Can add column", 
        "content_type": 24
    }
},
{
    "pk": 73, 
    "model": "auth.permission", 
    "fields": {
        "codename": "change_column", 
        "name": "Can change column", 
        "content_type": 24
    }
},
{
    "pk": 74, 
    "model": "auth.permission", 
    "fields": {
        "codename": "delete_column", 
        "name": "Can delete column", 
        "content_type": 24
    }
},
{
    "pk": 75, 
    "model": "auth.permission", 
    "fields": {
        "codename": "add_file", 
        "name": "Can add file", 
        "content_type": 25
    }
},
{
    "pk": 76, 
    "model": "auth.permission", 
    "fields": {
        "codename": "change_file", 
        "name": "Can change file", 
        "content_type": 25
    }
},
{
    "pk": 77, 
    "model": "auth.permission", 
    "fields": {
        "codename": "delete_file", 
        "name": "Can delete file", 
        "content_type": 25
    }
},
{
    "pk": 78, 
    "model": "auth.permission", 
    "fields": {
        "codename": "add_flash", 
        "name": "Can add flash", 
        "content_type": 26
    }
},
{
    "pk": 79, 
    "model": "auth.permission", 
    "fields": {
        "codename": "change_flash", 
        "name": "Can change flash", 
        "content_type": 26
    }
},
{
    "pk": 80, 
    "model": "auth.permission", 
    "fields": {
        "codename": "delete_flash", 
        "name": "Can delete flash", 
        "content_type": 26
    }
},
{
    "pk": 81, 
    "model": "auth.permission", 
    "fields": {
        "codename": "add_googlemap", 
        "name": "Can add google map", 
        "content_type": 27
    }
},
{
    "pk": 82, 
    "model": "auth.permission", 
    "fields": {
        "codename": "change_googlemap", 
        "name": "Can change google map", 
        "content_type": 27
    }
},
{
    "pk": 83, 
    "model": "auth.permission", 
    "fields": {
        "codename": "delete_googlemap", 
        "name": "Can delete google map", 
        "content_type": 27
    }
},
{
    "pk": 84, 
    "model": "auth.permission", 
    "fields": {
        "codename": "add_inheritpageplaceholder", 
        "name": "Can add inherit page placeholder", 
        "content_type": 28
    }
},
{
    "pk": 85, 
    "model": "auth.permission", 
    "fields": {
        "codename": "change_inheritpageplaceholder", 
        "name": "Can change inherit page placeholder", 
        "content_type": 28
    }
},
{
    "pk": 86, 
    "model": "auth.permission", 
    "fields": {
        "codename": "delete_inheritpageplaceholder", 
        "name": "Can delete inherit page placeholder", 
        "content_type": 28
    }
},
{
    "pk": 87, 
    "model": "auth.permission", 
    "fields": {
        "codename": "add_link", 
        "name": "Can add link", 
        "content_type": 29
    }
},
{
    "pk": 88, 
    "model": "auth.permission", 
    "fields": {
        "codename": "change_link", 
        "name": "Can change link", 
        "content_type": 29
    }
},
{
    "pk": 89, 
    "model": "auth.permission", 
    "fields": {
        "codename": "delete_link", 
        "name": "Can delete link", 
        "content_type": 29
    }
},
{
    "pk": 90, 
    "model": "auth.permission", 
    "fields": {
        "codename": "add_picture", 
        "name": "Can add picture", 
        "content_type": 30
    }
},
{
    "pk": 91, 
    "model": "auth.permission", 
    "fields": {
        "codename": "change_picture", 
        "name": "Can change picture", 
        "content_type": 30
    }
},
{
    "pk": 92, 
    "model": "auth.permission", 
    "fields": {
        "codename": "delete_picture", 
        "name": "Can delete picture", 
        "content_type": 30
    }
},
{
    "pk": 93, 
    "model": "auth.permission", 
    "fields": {
        "codename": "add_teaser", 
        "name": "Can add teaser", 
        "content_type": 31
    }
},
{
    "pk": 94, 
    "model": "auth.permission", 
    "fields": {
        "codename": "change_teaser", 
        "name": "Can change teaser", 
        "content_type": 31
    }
},
{
    "pk": 95, 
    "model": "auth.permission", 
    "fields": {
        "codename": "delete_teaser", 
        "name": "Can delete teaser", 
        "content_type": 31
    }
},
{
    "pk": 96, 
    "model": "auth.permission", 
    "fields": {
        "codename": "add_video", 
        "name": "Can add video", 
        "content_type": 32
    }
},
{
    "pk": 97, 
    "model": "auth.permission", 
    "fields": {
        "codename": "change_video", 
        "name": "Can change video", 
        "content_type": 32
    }
},
{
    "pk": 98, 
    "model": "auth.permission", 
    "fields": {
        "codename": "delete_video", 
        "name": "Can delete video", 
        "content_type": 32
    }
},
{
    "pk": 99, 
    "model": "auth.permission", 
    "fields": {
        "codename": "add_revision", 
        "name": "Can add revision", 
        "content_type": 33
    }
},
{
    "pk": 100, 
    "model": "auth.permission", 
    "fields": {
        "codename": "change_revision", 
        "name": "Can change revision", 
        "content_type": 33
    }
},
{
    "pk": 101, 
    "model": "auth.permission", 
    "fields": {
        "codename": "delete_revision", 
        "name": "Can delete revision", 
        "content_type": 33
    }
},
{
    "pk": 102, 
    "model": "auth.permission", 
    "fields": {
        "codename": "add_version", 
        "name": "Can add version", 
        "content_type": 34
    }
},
{
    "pk": 103, 
    "model": "auth.permission", 
    "fields": {
        "codename": "change_version", 
        "name": "Can change version", 
        "content_type": 34
    }
},
{
    "pk": 104, 
    "model": "auth.permission", 
    "fields": {
        "codename": "delete_version", 
        "name": "Can delete version", 
        "content_type": 34
    }
},
{
    "pk": 105, 
    "model": "auth.permission", 
    "fields": {
        "codename": "add_whatwedotranslation", 
        "name": "Can add what we do translation", 
        "content_type": 35
    }
},
{
    "pk": 106, 
    "model": "auth.permission", 
    "fields": {
        "codename": "change_whatwedotranslation", 
        "name": "Can change what we do translation", 
        "content_type": 35
    }
},
{
    "pk": 107, 
    "model": "auth.permission", 
    "fields": {
        "codename": "delete_whatwedotranslation", 
        "name": "Can delete what we do translation", 
        "content_type": 35
    }
},
{
    "pk": 108, 
    "model": "auth.permission", 
    "fields": {
        "codename": "add_whatwedo", 
        "name": "Can add what we do", 
        "content_type": 36
    }
},
{
    "pk": 109, 
    "model": "auth.permission", 
    "fields": {
        "codename": "change_whatwedo", 
        "name": "Can change what we do", 
        "content_type": 36
    }
},
{
    "pk": 110, 
    "model": "auth.permission", 
    "fields": {
        "codename": "delete_whatwedo", 
        "name": "Can delete what we do", 
        "content_type": 36
    }
},
{
    "pk": 111, 
    "model": "auth.permission", 
    "fields": {
        "codename": "add_office", 
        "name": "Can add office", 
        "content_type": 37
    }
},
{
    "pk": 112, 
    "model": "auth.permission", 
    "fields": {
        "codename": "change_office", 
        "name": "Can change office", 
        "content_type": 37
    }
},
{
    "pk": 113, 
    "model": "auth.permission", 
    "fields": {
        "codename": "delete_office", 
        "name": "Can delete office", 
        "content_type": 37
    }
},
{
    "pk": 114, 
    "model": "auth.permission", 
    "fields": {
        "codename": "add_projecttranslation", 
        "name": "Can add project translation", 
        "content_type": 38
    }
},
{
    "pk": 115, 
    "model": "auth.permission", 
    "fields": {
        "codename": "change_projecttranslation", 
        "name": "Can change project translation", 
        "content_type": 38
    }
},
{
    "pk": 116, 
    "model": "auth.permission", 
    "fields": {
        "codename": "delete_projecttranslation", 
        "name": "Can delete project translation", 
        "content_type": 38
    }
},
{
    "pk": 117, 
    "model": "auth.permission", 
    "fields": {
        "codename": "add_project", 
        "name": "Can add project", 
        "content_type": 39
    }
},
{
    "pk": 118, 
    "model": "auth.permission", 
    "fields": {
        "codename": "change_project", 
        "name": "Can change project", 
        "content_type": 39
    }
},
{
    "pk": 119, 
    "model": "auth.permission", 
    "fields": {
        "codename": "delete_project", 
        "name": "Can delete project", 
        "content_type": 39
    }
},
{
    "pk": 120, 
    "model": "auth.permission", 
    "fields": {
        "codename": "add_projectpluginmodel", 
        "name": "Can add project plugin model", 
        "content_type": 40
    }
},
{
    "pk": 121, 
    "model": "auth.permission", 
    "fields": {
        "codename": "change_projectpluginmodel", 
        "name": "Can change project plugin model", 
        "content_type": 40
    }
},
{
    "pk": 122, 
    "model": "auth.permission", 
    "fields": {
        "codename": "delete_projectpluginmodel", 
        "name": "Can delete project plugin model", 
        "content_type": 40
    }
},
{
    "pk": 1, 
    "model": "auth.user", 
    "fields": {
        "username": "root", 
        "first_name": "", 
        "last_name": "", 
        "is_active": true, 
        "is_superuser": true, 
        "is_staff": true, 
        "last_login": "2014-04-17T14:31:54.060Z", 
        "groups": [], 
        "user_permissions": [], 
        "password": "pbkdf2_sha256$10000$1FRP3S7vH0SB$ph+S9LrzpiA5eWTmAnjEuVR4zIK+Q7lrJ8pmFCf+nDA=", 
        "email": "edouard@jplusplus.org", 
        "date_joined": "2014-04-16T09:50:27.984Z"
    }
},
{
    "pk": 13, 
    "model": "djangocms_link.link", 
    "fields": {
        "mailto": "", 
        "target": "", 
        "url": "", 
        "page_link": 7, 
        "phone": "", 
        "name": "Nos projets"
    }
},
{
    "pk": 14, 
    "model": "djangocms_link.link", 
    "fields": {
        "mailto": "", 
        "target": "", 
        "url": "", 
        "page_link": 7, 
        "phone": "", 
        "name": "Nos projets"
    }
},
{
    "pk": 19, 
    "model": "djangocms_link.link", 
    "fields": {
        "mailto": "", 
        "target": "", 
        "url": "", 
        "page_link": 7, 
        "phone": "", 
        "name": "Nos projets"
    }
},
{
    "pk": 20, 
    "model": "djangocms_link.link", 
    "fields": {
        "mailto": "", 
        "target": "", 
        "url": "", 
        "page_link": 9, 
        "phone": "", 
        "name": "Nos projets"
    }
},
{
    "pk": 21, 
    "model": "djangocms_link.link", 
    "fields": {
        "mailto": "", 
        "target": "", 
        "url": "", 
        "page_link": 9, 
        "phone": "", 
        "name": "Nos projets"
    }
},
{
    "pk": 22, 
    "model": "djangocms_link.link", 
    "fields": {
        "mailto": "", 
        "target": "", 
        "url": "", 
        "page_link": 7, 
        "phone": "", 
        "name": "projekt"
    }
},
{
    "pk": 23, 
    "model": "djangocms_link.link", 
    "fields": {
        "mailto": "", 
        "target": "", 
        "url": "", 
        "page_link": 7, 
        "phone": "", 
        "name": "projekt"
    }
},
{
    "pk": 1, 
    "model": "jplusplus.office", 
    "fields": {
        "slug": "paris-berlin", 
        "title": "Paris/Berlin"
    }
},
{
    "pk": 2, 
    "model": "jplusplus.office", 
    "fields": {
        "slug": "cologne", 
        "title": "Cologne"
    }
},
{
    "pk": 1, 
    "model": "jplusplus.projecttranslation", 
    "fields": {
        "language_code": "fr", 
        "master": 1, 
        "description": "<p>Spending Stories est un proj&eacute; de l&#39;[Open Knowledge Foundation](http://fr.okfn.org/&lrm;) visant &agrave; am&eacute;liorer la compr&eacute;hension des donn&eacute;es budg&eacute;taires mondiales [en savoir plus](http://blog.okfn.org/category/okf-projects/spending-stories/).Ce projet est financ&eacute; par la Knight Foundation. <strong>Cette partie</strong> du projet &quot;Spending Stories&quot; permet aux utilisateurs de mettre des donn&eacute;es mon&eacute;taires en perspective et d&#39;obtenir un contexte. N&#39;importe quel montant dans n&#39;importe quelle devise peut-&ecirc;tre entr&eacute; et compar&eacute; &agrave; de vraies d&eacute;penses. Les r&eacute;sultats prennent en compte l&#39;inflation dans le pays dans lequel la d&eacute;pense a &eacute;t&eacute; r&eacute;alis&eacute;e ainsi que le taux de change entre deux monnaies diff&eacute;rentes, afin de pouvoir les comparer. Ce projet est [open source](https://github.com/jplusplus/okf-spending-stories) et peut-&ecirc;tre install&eacute; sur vos propres serveurs afin de pouvoir utiliser les d&eacute;penses budg&eacute;taires de votre choix dans votre base de donn&eacute;es. **L&#39;Open Knowledge foundation a fait appel &agrave; la partie de Journalism++ bas&eacute;e &agrave; Paris et Berlin pour r&eacute;aliser cette application. Ce projet a &eacute;t&eacute; g&eacute;r&eacute; par [Anne-Lise Bouyer](twitter.com/annelisebouyer) et d&eacute;velopp&eacute; par [Pierre Bellon](twitter.com/toutenrab), [Edouard Richard](twitter.com/vied12), [Paul Joannon](twitter.com/paulloz) et [Pierre Romera.](twitter.com/pirhoo).**</p>\r\n", 
        "title": "Spending Stories"
    }
},
{
    "pk": 2, 
    "model": "jplusplus.projecttranslation", 
    "fields": {
        "language_code": "fr", 
        "master": 2, 
        "description": " Journalism++ a d\u00e9velopp\u00e9 le site du webdocumentaire \"Une contre-histoire des Internets\", co-produit par Arte et Premi\u00e8res Lignes.\r\n\r\n L\u2019objectif de ce webdocumentaire : raconter et d\u00e9couvrir pourquoi, et comment, les internets ont chang\u00e9 nos vies, recenser ce qu\u2019on n\u2019a pas eu le droit d\u2019y faire, ce qu\u2019on a invent\u00e9 pour le faire quand m\u00eame, et ainsi participer collectivement \u00e0 l\u2019\u00e9laboration d\u2019une \u201ccontre-histoire des internets\u201d, qui se veut libre, ouverte et partag\u00e9e.\r\n\r\n\r\nLe site fait le lien avec le documentaire \u00e9crit par Jean-Marc Manach (@manhack) et Julien Goetz (@juliengoetz) r\u00e9alis\u00e9 par Sylvain Berg\u00e8re, diffus\u00e9 sur Art\u00e9 en Mai 2013.", 
        "title": "Une contre-histoire des Internets"
    }
},
{
    "pk": 3, 
    "model": "jplusplus.projecttranslation", 
    "fields": {
        "language_code": "en", 
        "master": 2, 
        "description": "Journalism++ developed the site of the web documentary \"The counter-history of the Internets\", co-produced by Arte and Premi\u00e8res Lignes.\r\n\r\nThe objective of this web documentary: tell and find out why, and how, the internets have changed our lives, identify what we don't have the right to do, what was invented to do it anyway and thus collectively participate in the development of a \"counter-history of the Internets\", which wants to be free, open and shared.\r\n\r\n\r\nThe site is related to the documentary written by Jean-Marc Manach (@manhack) and Julien Goetz (@juliengoetz),directed by Sylvain Berg\u00e8re, broadcast on Arte in May 2013.", 
        "title": "The counter-history of the Internets"
    }
},
{
    "pk": 4, 
    "model": "jplusplus.projecttranslation", 
    "fields": {
        "language_code": "de", 
        "master": 2, 
        "description": " Journalism++ a d\u00e9velopp\u00e9 le site du webdocumentaire \"Une contre-histoire des Internets\", co-produit par Arte et Premi\u00e8res Lignes.\r\n\r\n L\u2019objectif de ce webdocumentaire : raconter et d\u00e9couvrir pourquoi, et comment, les internets ont chang\u00e9 nos vies, recenser ce qu\u2019on n\u2019a pas eu le droit d\u2019y faire, ce qu\u2019on a invent\u00e9 pour le faire quand m\u00eame, et ainsi participer collectivement \u00e0 l\u2019\u00e9laboration d\u2019une \u201ccontre-histoire des internets\u201d, qui se veut libre, ouverte et partag\u00e9e.\r\n\r\n\r\nLe site fait le lien avec le documentaire \u00e9crit par Jean-Marc Manach (@manhack) et Julien Goetz (@juliengoetz) r\u00e9alis\u00e9 par Sylvain Berg\u00e8re, diffus\u00e9 sur Art\u00e9 en Mai 2013.", 
        "title": "Eine gegengeschichte der Internetze"
    }
},
{
    "pk": 5, 
    "model": "jplusplus.projecttranslation", 
    "fields": {
        "language_code": "de", 
        "master": 1, 
        "description": "Spending Stories is a project by the [Open Knowledge Foundation](http://okfn.org) aiming at improving fiscal literacy and providing greater awareness of budget data worldwide. Read more about it on this blog. It is supported by a grant by the Knight Foundation.\r\n\r\nThis part of the Spending Stories project enables users to put amounts into perspective. Any amount in any currency can be queried and compared against real-life expenditures. The results take into account inflation in the country where the expenditure has been realized.\r\n\r\nThe project is [open source](https://github.com/jplusplus/okf-spending-stories) and can be installed on your own server for you to insert your own spending stories. Find more instructions at Github.\r\n\r\n**The Open Knowledge foundation asked Paris and Berlin-based agency Journalism++ SAS  to build this app. It was managed by [Anne-Lise Bouyer](twitter.com/annelisebouyer) and coded by [Pierre Bellon](twitter.com/toutenrab), [Edouard Richard](twitter.com/vied12), [Paul Joannon](twitter.com/paulloz) and [Pierre Romera.](twitter.com/pirhoo).**", 
        "title": "Spending Stories"
    }
},
{
    "pk": 6, 
    "model": "jplusplus.projecttranslation", 
    "fields": {
        "language_code": "fr", 
        "master": 3, 
        "description": "<p>Journalism++ participe au projet [Datawrapper](http://datawrapper.de/), initi&eacute; par Mirko Lorenz pour le compte de [ABZV](http://abzv.de/), un organisme de formation continue pour journalistes. L&rsquo;objectif est de permettre &agrave; tous les journalistes de cr&eacute;er des diagrammes simples et corrects en quelques secondes, afin de les int&eacute;grer ensuite &agrave; leurs articles.</p>\r\n\r\n<p>Les journalistes apr&eacute;cient la simplicit&eacute; du produit et la justesse des visualisations produites, qui se fondent sur les enseignement de [Dona Wong](http://www.amazon.com/Street-Journal-Guide-Information-Graphics/dp/0393072959), du Wall Street Journal. Datawrapper permet &agrave; tout m&eacute;dia de personnaliser facilement le design de l&rsquo;outil en fonction de ses besoins.</p>\r\n\r\n<p>[@nicolaskb](https://twitter.com/#%21/nicolaskb/) a r&eacute;alis&eacute; le prototype de Datawrapper et la version 1.0 est maintenant cod&eacute;e principalement par [@driven_by_data](https://twitter.com/driven_by_data). Datawrapper est utilis&eacute; par [The Guardian](http://www.guardian.co.uk/), [Ruhr Nachrichten](http://www.ruhrnachrichten.de/) (Dortmund), [L&rsquo;Avenir](http://www.lavenir.net/) (Belgique) et [RTL.nl](http://www.rtl.nl/experience/rtlnl/), entre autres.</p>\r\n", 
        "title": "Datawrapper: des visualisations en quelques secondes"
    }
},
{
    "pk": 7, 
    "model": "jplusplus.projecttranslation", 
    "fields": {
        "language_code": "de", 
        "master": 3, 
        "description": "<p>Journalism++ ist sehr stolz, am Datawrapper-Projekt teilzunehmen. Das Projekt wurde von Mirko Lorenz gestartet und wird von der [ABZV](http://abzv.de/) finanziert. Das Ziel ist, dass Journalisten einfache und korrekte Diagramme, die dann in Artikel eingebettet werden k&ouml;nnen, in Sekunden selbst bauen k&ouml;nnen.</p>\r\n\r\n<p>Journalisten lieben die Einfachheit des Produktes und die Tatsache, dass Datawrapper sie daran hindert, falscher Charts zu ver&ouml;ffentlichen. Das Charts Design folgt der Lehre von [Dona Wong](http://www.amazon.com/Street-Journal-Guide-Information-Graphics/dp/0393072959) vom Wall Street Journal. Datawrapper funktioniert so, dass jede Redaktion es einfach und schnell installieren und personalisieren kann.</p>\r\n\r\n<p>[@nicolaskb](https://twitter.com/#%21/nicolaskb/) hat den Prototyp f&uuml;r Datawrapper codiert. Version 1.0 wird jetzt von [@driven_by_data](https://twitter.com/driven_by_data) entwickelt. Datawrapper wird regelm&auml;&szlig;ig von [The Guardian](http://www.guardian.co.uk/), [Ruhr Nachrichten](http://www.ruhrnachrichten.de/) (Dortmund), [L&rsquo;Avenir](http://www.lavenir.net/) (Belgien) und [RTL.nl](http://www.rtl.nl/experience/rtlnl/) u.a. verwendet.</p>\r\n", 
        "title": "Datawrapper: Open Source Datenvisualisierung"
    }
},
{
    "pk": 8, 
    "model": "jplusplus.projecttranslation", 
    "fields": {
        "language_code": "en", 
        "master": 3, 
        "description": "<p>Journalism++ is very proud to take part in [Datawrapper](http://datawrapper.de/). The project was started by Mirko Lorenz and is financed by [ABZV](http://abzv.de/), a German training institute for journalists. The goal is to let any journalist build simple and correct charts in seconds that can then be embedded in articles.</p>\r\n\r\n<p>Journalists love the simplicity of the product and the fact that Datawrapper prevents them from publishing wrong charts. The charts design follows the teaching of The Wall Street Journal&rsquo;s [Dona Wong](http://www.amazon.com/Street-Journal-Guide-Information-Graphics/dp/0393072959). Datawrapper is built in such a way that any media organization can install and customize it quickly.</p>\r\n\r\n<p>[@nicolaskb](https://twitter.com/#%21/nicolaskb/) coded the prototype for Datawrapper. Version 1.0 is now developed by [@driven_by_data](https://twitter.com/driven_by_data). Datawrapper is used regularly by [The Guardian](http://www.guardian.co.uk/), [Ruhr Nachrichten](http://www.ruhrnachrichten.de/) (Dortmund), [L&rsquo;Avenir](http://www.lavenir.net/) (Belgium) and [RTL.nl](http://www.rtl.nl/experience/rtlnl/) among others.</p>\r\n", 
        "title": "Datawrapper: Build charts\u00a0in seconds"
    }
},
{
    "pk": 1, 
    "model": "jplusplus.project", 
    "fields": {
        "image": "projects/spending-stories.png", 
        "order": 2, 
        "highlighted": false, 
        "link": "http://okf-spendingstories.herokuapp.com", 
        "date": "2013-11-13", 
        "offices": [
            1
        ], 
        "slug": "spending-stories"
    }
},
{
    "pk": 2, 
    "model": "jplusplus.project", 
    "fields": {
        "image": "projects/contre-histoire-internets.png", 
        "order": 3, 
        "highlighted": false, 
        "link": "http://lesinternets.arte.tv", 
        "date": "2013-08-16", 
        "offices": [
            1
        ], 
        "slug": "une-contre-histoire-des-internets"
    }
},
{
    "pk": 3, 
    "model": "jplusplus.project", 
    "fields": {
        "image": "projects/dw.png", 
        "order": 1, 
        "highlighted": true, 
        "link": "http://datawrapper.de", 
        "date": "2012-06-09", 
        "offices": [
            2
        ], 
        "slug": "datawrapper"
    }
},
{
    "pk": 1, 
    "model": "jplusplus.projectpluginmodel", 
    "fields": {
        "offices": []
    }
},
{
    "pk": 8, 
    "model": "jplusplus.projectpluginmodel", 
    "fields": {
        "offices": []
    }
},
{
    "pk": 11, 
    "model": "jplusplus.projectpluginmodel", 
    "fields": {
        "offices": []
    }
},
{
    "pk": 16, 
    "model": "jplusplus.projectpluginmodel", 
    "fields": {
        "offices": []
    }
},
{
    "pk": 1, 
    "model": "cms.usersettings", 
    "fields": {
        "clipboard": 1, 
        "user": 1, 
        "language": "fr"
    }
}
]
