[
{
    "pk": 1, 
    "model": "cms.usersettings", 
    "fields": {
        "clipboard": 1, 
        "user": [
            "edouard"
        ], 
        "language": "fr"
    }
},
{
    "pk": 1, 
    "model": "cms.placeholder", 
    "fields": {
        "slot": "clipboard", 
        "default_width": null
    }
},
{
    "pk": 2, 
    "model": "cms.placeholder", 
    "fields": {
        "slot": "intro", 
        "default_width": null
    }
},
{
    "pk": 3, 
    "model": "cms.placeholder", 
    "fields": {
        "slot": "what we do", 
        "default_width": null
    }
},
{
    "pk": 4, 
    "model": "cms.placeholder", 
    "fields": {
        "slot": "our work", 
        "default_width": null
    }
},
{
    "pk": 5, 
    "model": "cms.placeholder", 
    "fields": {
        "slot": "who we are", 
        "default_width": null
    }
},
{
    "pk": 6, 
    "model": "cms.placeholder", 
    "fields": {
        "slot": "lets talk", 
        "default_width": null
    }
},
{
    "pk": 7, 
    "model": "cms.placeholder", 
    "fields": {
        "slot": "intro", 
        "default_width": null
    }
},
{
    "pk": 8, 
    "model": "cms.placeholder", 
    "fields": {
        "slot": "what we do", 
        "default_width": null
    }
},
{
    "pk": 9, 
    "model": "cms.placeholder", 
    "fields": {
        "slot": "our work", 
        "default_width": null
    }
},
{
    "pk": 10, 
    "model": "cms.placeholder", 
    "fields": {
        "slot": "who we are", 
        "default_width": null
    }
},
{
    "pk": 11, 
    "model": "cms.placeholder", 
    "fields": {
        "slot": "lets talk", 
        "default_width": null
    }
},
{
    "pk": 12, 
    "model": "cms.placeholder", 
    "fields": {
        "slot": "footer", 
        "default_width": null
    }
},
{
    "pk": 13, 
    "model": "cms.placeholder", 
    "fields": {
        "slot": "footer", 
        "default_width": null
    }
},
{
    "pk": 14, 
    "model": "cms.placeholder", 
    "fields": {
        "slot": "intro", 
        "default_width": null
    }
},
{
    "pk": 15, 
    "model": "cms.placeholder", 
    "fields": {
        "slot": "what we do", 
        "default_width": null
    }
},
{
    "pk": 16, 
    "model": "cms.placeholder", 
    "fields": {
        "slot": "our work", 
        "default_width": null
    }
},
{
    "pk": 17, 
    "model": "cms.placeholder", 
    "fields": {
        "slot": "who we are", 
        "default_width": null
    }
},
{
    "pk": 18, 
    "model": "cms.placeholder", 
    "fields": {
        "slot": "lets talk", 
        "default_width": null
    }
},
{
    "pk": 19, 
    "model": "cms.placeholder", 
    "fields": {
        "slot": "intro", 
        "default_width": null
    }
},
{
    "pk": 20, 
    "model": "cms.placeholder", 
    "fields": {
        "slot": "what we do", 
        "default_width": null
    }
},
{
    "pk": 21, 
    "model": "cms.placeholder", 
    "fields": {
        "slot": "our work", 
        "default_width": null
    }
},
{
    "pk": 22, 
    "model": "cms.placeholder", 
    "fields": {
        "slot": "who we are", 
        "default_width": null
    }
},
{
    "pk": 23, 
    "model": "cms.placeholder", 
    "fields": {
        "slot": "lets talk", 
        "default_width": null
    }
},
{
    "pk": 24, 
    "model": "cms.placeholder", 
    "fields": {
        "slot": "intro", 
        "default_width": null
    }
},
{
    "pk": 25, 
    "model": "cms.placeholder", 
    "fields": {
        "slot": "what we do", 
        "default_width": null
    }
},
{
    "pk": 26, 
    "model": "cms.placeholder", 
    "fields": {
        "slot": "our work", 
        "default_width": null
    }
},
{
    "pk": 27, 
    "model": "cms.placeholder", 
    "fields": {
        "slot": "who we are", 
        "default_width": null
    }
},
{
    "pk": 28, 
    "model": "cms.placeholder", 
    "fields": {
        "slot": "lets talk", 
        "default_width": null
    }
},
{
    "pk": 29, 
    "model": "cms.placeholder", 
    "fields": {
        "slot": "intro", 
        "default_width": null
    }
},
{
    "pk": 30, 
    "model": "cms.placeholder", 
    "fields": {
        "slot": "what we do", 
        "default_width": null
    }
},
{
    "pk": 31, 
    "model": "cms.placeholder", 
    "fields": {
        "slot": "our work", 
        "default_width": null
    }
},
{
    "pk": 32, 
    "model": "cms.placeholder", 
    "fields": {
        "slot": "who we are", 
        "default_width": null
    }
},
{
    "pk": 33, 
    "model": "cms.placeholder", 
    "fields": {
        "slot": "lets talk", 
        "default_width": null
    }
},
{
    "pk": 34, 
    "model": "cms.placeholder", 
    "fields": {
        "slot": "content", 
        "default_width": null
    }
},
{
    "pk": 35, 
    "model": "cms.placeholder", 
    "fields": {
        "slot": "content", 
        "default_width": null
    }
},
{
    "pk": 36, 
    "model": "cms.placeholder", 
    "fields": {
        "slot": "content", 
        "default_width": null
    }
},
{
    "pk": 37, 
    "model": "cms.placeholder", 
    "fields": {
        "slot": "content", 
        "default_width": null
    }
},
{
    "pk": 39, 
    "model": "cms.placeholder", 
    "fields": {
        "slot": "content", 
        "default_width": null
    }
},
{
    "pk": 40, 
    "model": "cms.placeholder", 
    "fields": {
        "slot": "content", 
        "default_width": null
    }
},
{
    "pk": 41, 
    "model": "cms.placeholder", 
    "fields": {
        "slot": "content", 
        "default_width": null
    }
},
{
    "pk": 42, 
    "model": "cms.placeholder", 
    "fields": {
        "slot": "content", 
        "default_width": null
    }
},
{
    "pk": 43, 
    "model": "cms.placeholder", 
    "fields": {
        "slot": "header", 
        "default_width": null
    }
},
{
    "pk": 44, 
    "model": "cms.placeholder", 
    "fields": {
        "slot": "body", 
        "default_width": null
    }
},
{
    "pk": 45, 
    "model": "cms.placeholder", 
    "fields": {
        "slot": "clipboard", 
        "default_width": null
    }
},
{
    "pk": 46, 
    "model": "cms.placeholder", 
    "fields": {
        "slot": "header", 
        "default_width": null
    }
},
{
    "pk": 47, 
    "model": "cms.placeholder", 
    "fields": {
        "slot": "body", 
        "default_width": null
    }
},
{
    "pk": 7, 
    "model": "cms.cmsplugin", 
    "fields": {
        "rght": 2, 
        "changed_date": "2014-04-16T13:00:43.046Z", 
        "parent": null, 
        "language": "de", 
        "level": 0, 
        "creation_date": "2014-04-16T12:25:30.156Z", 
        "lft": 1, 
        "tree_id": 7, 
        "position": 0, 
        "placeholder": 3, 
        "plugin_type": "WhatWeDoPlugin"
    }
},
{
    "pk": 8, 
    "model": "cms.cmsplugin", 
    "fields": {
        "rght": 2, 
        "changed_date": "2014-04-17T15:00:45.392Z", 
        "parent": null, 
        "language": "de", 
        "level": 0, 
        "creation_date": "2014-04-16T12:25:16.239Z", 
        "lft": 1, 
        "tree_id": 8, 
        "position": 0, 
        "placeholder": 4, 
        "plugin_type": "ProjectsPlugin"
    }
},
{
    "pk": 10, 
    "model": "cms.cmsplugin", 
    "fields": {
        "rght": 2, 
        "changed_date": "2014-04-16T13:00:56.570Z", 
        "parent": null, 
        "language": "de", 
        "level": 0, 
        "creation_date": "2014-04-16T12:25:30.156Z", 
        "lft": 1, 
        "tree_id": 10, 
        "position": 0, 
        "placeholder": 8, 
        "plugin_type": "WhatWeDoPlugin"
    }
},
{
    "pk": 11, 
    "model": "cms.cmsplugin", 
    "fields": {
        "rght": 2, 
        "changed_date": "2014-04-17T15:00:45.565Z", 
        "parent": null, 
        "language": "de", 
        "level": 0, 
        "creation_date": "2014-04-16T12:25:16.239Z", 
        "lft": 1, 
        "tree_id": 11, 
        "position": 0, 
        "placeholder": 9, 
        "plugin_type": "ProjectsPlugin"
    }
},
{
    "pk": 13, 
    "model": "cms.cmsplugin", 
    "fields": {
        "rght": 2, 
        "changed_date": "2014-04-16T13:52:20.458Z", 
        "parent": null, 
        "language": "fr", 
        "level": 0, 
        "creation_date": "2014-04-16T13:45:56.976Z", 
        "lft": 1, 
        "tree_id": 13, 
        "position": 0, 
        "placeholder": 34, 
        "plugin_type": "LinkPlugin"
    }
},
{
    "pk": 14, 
    "model": "cms.cmsplugin", 
    "fields": {
        "rght": 2, 
        "changed_date": "2014-04-16T13:52:26.771Z", 
        "parent": null, 
        "language": "fr", 
        "level": 0, 
        "creation_date": "2014-04-16T13:45:56.976Z", 
        "lft": 1, 
        "tree_id": 14, 
        "position": 0, 
        "placeholder": 35, 
        "plugin_type": "LinkPlugin"
    }
},
{
    "pk": 20, 
    "model": "cms.cmsplugin", 
    "fields": {
        "rght": 2, 
        "changed_date": "2014-04-16T14:05:07.158Z", 
        "parent": null, 
        "language": "fr", 
        "level": 0, 
        "creation_date": "2014-04-16T13:45:56.976Z", 
        "lft": 1, 
        "tree_id": 20, 
        "position": 0, 
        "placeholder": 39, 
        "plugin_type": "LinkPlugin"
    }
},
{
    "pk": 21, 
    "model": "cms.cmsplugin", 
    "fields": {
        "rght": 2, 
        "changed_date": "2014-04-16T14:05:18.308Z", 
        "parent": null, 
        "language": "fr", 
        "level": 0, 
        "creation_date": "2014-04-16T13:45:56.976Z", 
        "lft": 1, 
        "tree_id": 21, 
        "position": 0, 
        "placeholder": 41, 
        "plugin_type": "LinkPlugin"
    }
},
{
    "pk": 22, 
    "model": "cms.cmsplugin", 
    "fields": {
        "rght": 2, 
        "changed_date": "2014-04-16T14:34:43.708Z", 
        "parent": null, 
        "language": "de", 
        "level": 0, 
        "creation_date": "2014-04-16T13:45:56.976Z", 
        "lft": 1, 
        "tree_id": 22, 
        "position": 0, 
        "placeholder": 34, 
        "plugin_type": "LinkPlugin"
    }
},
{
    "pk": 23, 
    "model": "cms.cmsplugin", 
    "fields": {
        "rght": 2, 
        "changed_date": "2014-04-16T14:34:46.417Z", 
        "parent": null, 
        "language": "de", 
        "level": 0, 
        "creation_date": "2014-04-16T13:45:56.976Z", 
        "lft": 1, 
        "tree_id": 23, 
        "position": 0, 
        "placeholder": 35, 
        "plugin_type": "LinkPlugin"
    }
},
{
    "pk": 24, 
    "model": "cms.cmsplugin", 
    "fields": {
        "rght": 3, 
        "changed_date": "2014-04-22T11:44:52.271Z", 
        "parent": 25, 
        "language": "fr", 
        "level": 1, 
        "creation_date": "2014-04-22T11:43:09.817Z", 
        "lft": 2, 
        "tree_id": 25, 
        "position": 0, 
        "placeholder": 2, 
        "plugin_type": "TextPlugin"
    }
},
{
    "pk": 25, 
    "model": "cms.cmsplugin", 
    "fields": {
        "rght": 4, 
        "changed_date": "2014-04-22T11:45:45.640Z", 
        "parent": null, 
        "language": "fr", 
        "level": 0, 
        "creation_date": "2014-04-22T11:44:13.034Z", 
        "lft": 1, 
        "tree_id": 25, 
        "position": 1, 
        "placeholder": 2, 
        "plugin_type": "StylePlugin"
    }
},
{
    "pk": 26, 
    "model": "cms.cmsplugin", 
    "fields": {
        "rght": 3, 
        "changed_date": "2014-04-22T11:50:10.804Z", 
        "parent": 27, 
        "language": "fr", 
        "level": 1, 
        "creation_date": "2014-04-22T11:49:07.920Z", 
        "lft": 2, 
        "tree_id": 27, 
        "position": 0, 
        "placeholder": 43, 
        "plugin_type": "TextPlugin"
    }
},
{
    "pk": 27, 
    "model": "cms.cmsplugin", 
    "fields": {
        "rght": 4, 
        "changed_date": "2014-04-22T11:49:57.888Z", 
        "parent": null, 
        "language": "fr", 
        "level": 0, 
        "creation_date": "2014-04-22T11:49:53.363Z", 
        "lft": 1, 
        "tree_id": 27, 
        "position": 1, 
        "placeholder": 43, 
        "plugin_type": "StylePlugin"
    }
},
{
    "pk": 30, 
    "model": "cms.cmsplugin", 
    "fields": {
        "rght": 2, 
        "changed_date": "2014-04-22T12:23:37.842Z", 
        "parent": null, 
        "language": "fr", 
        "level": 0, 
        "creation_date": "2014-04-22T12:23:37.838Z", 
        "lft": 1, 
        "tree_id": 30, 
        "position": null, 
        "placeholder": 1, 
        "plugin_type": "PlaceholderPlugin"
    }
},
{
    "pk": 31, 
    "model": "cms.cmsplugin", 
    "fields": {
        "rght": 2, 
        "changed_date": "2014-04-22T12:23:37.859Z", 
        "parent": null, 
        "language": "fr", 
        "level": 0, 
        "creation_date": "2014-04-16T12:25:16.239Z", 
        "lft": 1, 
        "tree_id": 31, 
        "position": 3, 
        "placeholder": 45, 
        "plugin_type": "ProjectsPlugin"
    }
},
{
    "pk": 32, 
    "model": "cms.cmsplugin", 
    "fields": {
        "rght": 2, 
        "changed_date": "2014-04-22T12:23:37.869Z", 
        "parent": null, 
        "language": "fr", 
        "level": 0, 
        "creation_date": "2014-04-16T12:25:30.156Z", 
        "lft": 1, 
        "tree_id": 32, 
        "position": 1, 
        "placeholder": 45, 
        "plugin_type": "WhatWeDoPlugin"
    }
},
{
    "pk": 33, 
    "model": "cms.cmsplugin", 
    "fields": {
        "rght": 2, 
        "changed_date": "2014-04-22T12:23:37.900Z", 
        "parent": null, 
        "language": "fr", 
        "level": 0, 
        "creation_date": "2014-04-22T11:58:31.298Z", 
        "lft": 1, 
        "tree_id": 33, 
        "position": 0, 
        "placeholder": 45, 
        "plugin_type": "TextPlugin"
    }
},
{
    "pk": 34, 
    "model": "cms.cmsplugin", 
    "fields": {
        "rght": 2, 
        "changed_date": "2014-04-22T12:23:37.910Z", 
        "parent": null, 
        "language": "fr", 
        "level": 0, 
        "creation_date": "2014-04-22T12:18:28.043Z", 
        "lft": 1, 
        "tree_id": 34, 
        "position": 2, 
        "placeholder": 45, 
        "plugin_type": "TextPlugin"
    }
},
{
    "pk": 35, 
    "model": "cms.cmsplugin", 
    "fields": {
        "rght": 2, 
        "changed_date": "2014-04-23T15:26:43.718Z", 
        "parent": null, 
        "language": "fr", 
        "level": 0, 
        "creation_date": "2014-04-16T12:25:16.239Z", 
        "lft": 1, 
        "tree_id": 35, 
        "position": 3, 
        "placeholder": 44, 
        "plugin_type": "ProjectsPlugin"
    }
},
{
    "pk": 36, 
    "model": "cms.cmsplugin", 
    "fields": {
        "rght": 2, 
        "changed_date": "2014-04-22T12:23:49.126Z", 
        "parent": null, 
        "language": "fr", 
        "level": 0, 
        "creation_date": "2014-04-16T12:25:30.156Z", 
        "lft": 1, 
        "tree_id": 36, 
        "position": 1, 
        "placeholder": 44, 
        "plugin_type": "WhatWeDoPlugin"
    }
},
{
    "pk": 37, 
    "model": "cms.cmsplugin", 
    "fields": {
        "rght": 2, 
        "changed_date": "2014-04-22T12:23:49.166Z", 
        "parent": null, 
        "language": "fr", 
        "level": 0, 
        "creation_date": "2014-04-22T11:58:31.298Z", 
        "lft": 1, 
        "tree_id": 37, 
        "position": 0, 
        "placeholder": 44, 
        "plugin_type": "TextPlugin"
    }
},
{
    "pk": 38, 
    "model": "cms.cmsplugin", 
    "fields": {
        "rght": 2, 
        "changed_date": "2014-04-22T12:23:49.176Z", 
        "parent": null, 
        "language": "fr", 
        "level": 0, 
        "creation_date": "2014-04-22T12:18:28.043Z", 
        "lft": 1, 
        "tree_id": 38, 
        "position": 2, 
        "placeholder": 44, 
        "plugin_type": "TextPlugin"
    }
},
{
    "pk": 39, 
    "model": "cms.cmsplugin", 
    "fields": {
        "rght": 2, 
        "changed_date": "2014-04-22T12:25:29.658Z", 
        "parent": null, 
        "language": "fr", 
        "level": 0, 
        "creation_date": "2014-04-22T12:25:04.354Z", 
        "lft": 1, 
        "tree_id": 39, 
        "position": 4, 
        "placeholder": 44, 
        "plugin_type": "TextPlugin"
    }
},
{
    "pk": 40, 
    "model": "cms.cmsplugin", 
    "fields": {
        "rght": 2, 
        "changed_date": "2014-04-22T12:25:56.585Z", 
        "parent": null, 
        "language": "fr", 
        "level": 0, 
        "creation_date": "2014-04-22T12:25:49.096Z", 
        "lft": 1, 
        "tree_id": 40, 
        "position": 5, 
        "placeholder": 44, 
        "plugin_type": "TextPlugin"
    }
},
{
    "pk": 41, 
    "model": "cms.cmsplugin", 
    "fields": {
        "rght": 2, 
        "changed_date": "2014-04-22T12:26:21.138Z", 
        "parent": null, 
        "language": "fr", 
        "level": 0, 
        "creation_date": "2014-04-22T12:26:05.738Z", 
        "lft": 1, 
        "tree_id": 41, 
        "position": 6, 
        "placeholder": 44, 
        "plugin_type": "TextPlugin"
    }
},
{
    "pk": 42, 
    "model": "cms.cmsplugin", 
    "fields": {
        "rght": 4, 
        "changed_date": "2014-04-22T12:27:04.435Z", 
        "parent": null, 
        "language": "fr", 
        "level": 0, 
        "creation_date": "2014-04-22T11:44:13.034Z", 
        "lft": 1, 
        "tree_id": 42, 
        "position": 1, 
        "placeholder": 7, 
        "plugin_type": "StylePlugin"
    }
},
{
    "pk": 43, 
    "model": "cms.cmsplugin", 
    "fields": {
        "rght": 3, 
        "changed_date": "2014-04-22T12:27:04.455Z", 
        "parent": 42, 
        "language": "fr", 
        "level": 1, 
        "creation_date": "2014-04-22T11:43:09.817Z", 
        "lft": 2, 
        "tree_id": 42, 
        "position": 0, 
        "placeholder": 7, 
        "plugin_type": "TextPlugin"
    }
},
{
    "pk": 44, 
    "model": "cms.cmsplugin", 
    "fields": {
        "rght": 4, 
        "changed_date": "2014-04-22T12:27:04.477Z", 
        "parent": null, 
        "language": "fr", 
        "level": 0, 
        "creation_date": "2014-04-22T11:49:53.363Z", 
        "lft": 1, 
        "tree_id": 43, 
        "position": 1, 
        "placeholder": 46, 
        "plugin_type": "StylePlugin"
    }
},
{
    "pk": 45, 
    "model": "cms.cmsplugin", 
    "fields": {
        "rght": 3, 
        "changed_date": "2014-04-22T12:27:04.498Z", 
        "parent": 44, 
        "language": "fr", 
        "level": 1, 
        "creation_date": "2014-04-22T11:49:07.920Z", 
        "lft": 2, 
        "tree_id": 43, 
        "position": 0, 
        "placeholder": 46, 
        "plugin_type": "TextPlugin"
    }
},
{
    "pk": 46, 
    "model": "cms.cmsplugin", 
    "fields": {
        "rght": 2, 
        "changed_date": "2014-04-22T12:27:04.512Z", 
        "parent": null, 
        "language": "fr", 
        "level": 0, 
        "creation_date": "2014-04-16T12:25:16.239Z", 
        "lft": 1, 
        "tree_id": 44, 
        "position": 3, 
        "placeholder": 47, 
        "plugin_type": "ProjectsPlugin"
    }
},
{
    "pk": 47, 
    "model": "cms.cmsplugin", 
    "fields": {
        "rght": 2, 
        "changed_date": "2014-04-22T12:27:04.518Z", 
        "parent": null, 
        "language": "fr", 
        "level": 0, 
        "creation_date": "2014-04-16T12:25:30.156Z", 
        "lft": 1, 
        "tree_id": 45, 
        "position": 1, 
        "placeholder": 47, 
        "plugin_type": "WhatWeDoPlugin"
    }
},
{
    "pk": 48, 
    "model": "cms.cmsplugin", 
    "fields": {
        "rght": 2, 
        "changed_date": "2014-04-22T12:27:04.618Z", 
        "parent": null, 
        "language": "fr", 
        "level": 0, 
        "creation_date": "2014-04-22T11:58:31.298Z", 
        "lft": 1, 
        "tree_id": 46, 
        "position": 0, 
        "placeholder": 47, 
        "plugin_type": "TextPlugin"
    }
},
{
    "pk": 49, 
    "model": "cms.cmsplugin", 
    "fields": {
        "rght": 2, 
        "changed_date": "2014-04-22T12:27:04.630Z", 
        "parent": null, 
        "language": "fr", 
        "level": 0, 
        "creation_date": "2014-04-22T12:18:28.043Z", 
        "lft": 1, 
        "tree_id": 47, 
        "position": 2, 
        "placeholder": 47, 
        "plugin_type": "TextPlugin"
    }
},
{
    "pk": 50, 
    "model": "cms.cmsplugin", 
    "fields": {
        "rght": 2, 
        "changed_date": "2014-04-22T12:27:04.641Z", 
        "parent": null, 
        "language": "fr", 
        "level": 0, 
        "creation_date": "2014-04-22T12:25:04.354Z", 
        "lft": 1, 
        "tree_id": 48, 
        "position": 4, 
        "placeholder": 47, 
        "plugin_type": "TextPlugin"
    }
},
{
    "pk": 51, 
    "model": "cms.cmsplugin", 
    "fields": {
        "rght": 2, 
        "changed_date": "2014-04-22T12:27:04.654Z", 
        "parent": null, 
        "language": "fr", 
        "level": 0, 
        "creation_date": "2014-04-22T12:25:49.096Z", 
        "lft": 1, 
        "tree_id": 49, 
        "position": 5, 
        "placeholder": 47, 
        "plugin_type": "TextPlugin"
    }
},
{
    "pk": 52, 
    "model": "cms.cmsplugin", 
    "fields": {
        "rght": 2, 
        "changed_date": "2014-04-22T12:27:04.665Z", 
        "parent": null, 
        "language": "fr", 
        "level": 0, 
        "creation_date": "2014-04-22T12:26:05.738Z", 
        "lft": 1, 
        "tree_id": 50, 
        "position": 6, 
        "placeholder": 47, 
        "plugin_type": "TextPlugin"
    }
},
{
    "pk": 53, 
    "model": "cms.cmsplugin", 
    "fields": {
        "rght": 2, 
        "changed_date": "2014-04-23T13:58:53.301Z", 
        "parent": null, 
        "language": "fr", 
        "level": 0, 
        "creation_date": "2014-04-16T13:45:56.976Z", 
        "lft": 1, 
        "tree_id": 51, 
        "position": 0, 
        "placeholder": 35, 
        "plugin_type": "LinkPlugin"
    }
},
{
    "pk": 54, 
    "model": "cms.cmsplugin", 
    "fields": {
        "rght": 2, 
        "changed_date": "2014-04-23T14:20:53.730Z", 
        "parent": null, 
        "language": "fr", 
        "level": 0, 
        "creation_date": "2014-04-23T14:04:46.333Z", 
        "lft": 1, 
        "tree_id": 52, 
        "position": 0, 
        "placeholder": 36, 
        "plugin_type": "ProjectsPlugin"
    }
},
{
    "pk": 1, 
    "model": "cms.page", 
    "fields": {
        "rght": 10, 
        "navigation_extenders": "", 
        "site": 1, 
        "application_namespace": null, 
        "lft": 1, 
        "in_navigation": false, 
        "reverse_id": null, 
        "login_required": false, 
        "created_by": "root", 
        "languages": "fr,de,en", 
        "publication_end_date": null, 
        "template": "INHERIT", 
        "tree_id": 1, 
        "placeholders": [
            2, 
            3, 
            4, 
            5, 
            6, 
            43, 
            44
        ], 
        "changed_date": "2014-04-23T15:26:43.809Z", 
        "limit_visibility_in_menu": null, 
        "parent": null, 
        "soft_root": false, 
        "is_home": true, 
        "publication_date": "2014-04-16T09:52:57.711Z", 
        "creation_date": "2014-04-16T09:52:57.671Z", 
        "publisher_public": 2, 
        "level": 0, 
        "changed_by": "edouard", 
        "application_urls": "JppHook", 
        "publisher_is_draft": true, 
        "xframe_options": 0, 
        "revision_id": 0
    }
},
{
    "pk": 2, 
    "model": "cms.page", 
    "fields": {
        "rght": 10, 
        "navigation_extenders": "", 
        "site": 1, 
        "application_namespace": null, 
        "lft": 1, 
        "in_navigation": false, 
        "reverse_id": null, 
        "login_required": false, 
        "created_by": "root", 
        "languages": "fr,de,en", 
        "publication_end_date": null, 
        "template": "INHERIT", 
        "tree_id": 2, 
        "placeholders": [
            7, 
            8, 
            9, 
            10, 
            11, 
            46, 
            47
        ], 
        "changed_date": "2014-04-22T12:27:04.691Z", 
        "limit_visibility_in_menu": null, 
        "parent": null, 
        "soft_root": false, 
        "is_home": true, 
        "publication_date": "2014-04-16T09:52:57.711Z", 
        "creation_date": "2014-04-16T09:52:57.716Z", 
        "publisher_public": 1, 
        "level": 0, 
        "changed_by": "root", 
        "application_urls": "JppHook", 
        "publisher_is_draft": false, 
        "xframe_options": 0, 
        "revision_id": 0
    }
},
{
    "pk": 3, 
    "model": "cms.page", 
    "fields": {
        "rght": 5, 
        "navigation_extenders": null, 
        "site": 1, 
        "application_namespace": null, 
        "lft": 2, 
        "in_navigation": true, 
        "reverse_id": null, 
        "login_required": false, 
        "created_by": "root", 
        "languages": "fr,de", 
        "publication_end_date": null, 
        "template": "page.html", 
        "tree_id": 1, 
        "placeholders": [
            14, 
            15, 
            16, 
            17, 
            18, 
            34
        ], 
        "changed_date": "2014-04-16T14:34:46.519Z", 
        "limit_visibility_in_menu": null, 
        "parent": 1, 
        "soft_root": false, 
        "is_home": false, 
        "publication_date": "2014-04-16T09:54:49.529Z", 
        "creation_date": "2014-04-16T09:54:38.501Z", 
        "publisher_public": 4, 
        "level": 1, 
        "changed_by": "root", 
        "application_urls": null, 
        "publisher_is_draft": true, 
        "xframe_options": 0, 
        "revision_id": 0
    }
},
{
    "pk": 4, 
    "model": "cms.page", 
    "fields": {
        "rght": 5, 
        "navigation_extenders": null, 
        "site": 1, 
        "application_namespace": null, 
        "lft": 2, 
        "in_navigation": true, 
        "reverse_id": null, 
        "login_required": false, 
        "created_by": "root", 
        "languages": "fr,de", 
        "publication_end_date": null, 
        "template": "page.html", 
        "tree_id": 2, 
        "placeholders": [
            19, 
            20, 
            21, 
            22, 
            23, 
            35
        ], 
        "changed_date": "2014-04-16T14:34:46.427Z", 
        "limit_visibility_in_menu": null, 
        "parent": 2, 
        "soft_root": false, 
        "is_home": false, 
        "publication_date": "2014-04-16T09:54:49.529Z", 
        "creation_date": "2014-04-16T09:54:49.543Z", 
        "publisher_public": 3, 
        "level": 1, 
        "changed_by": "root", 
        "application_urls": null, 
        "publisher_is_draft": false, 
        "xframe_options": 0, 
        "revision_id": 0
    }
},
{
    "pk": 5, 
    "model": "cms.page", 
    "fields": {
        "rght": 9, 
        "navigation_extenders": null, 
        "site": 1, 
        "application_namespace": null, 
        "lft": 6, 
        "in_navigation": true, 
        "reverse_id": null, 
        "login_required": false, 
        "created_by": "root", 
        "languages": "fr", 
        "publication_end_date": null, 
        "template": "page.html", 
        "tree_id": 1, 
        "placeholders": [
            24, 
            25, 
            26, 
            27, 
            28, 
            39
        ], 
        "changed_date": "2014-04-16T14:05:18.368Z", 
        "limit_visibility_in_menu": null, 
        "parent": 1, 
        "soft_root": false, 
        "is_home": false, 
        "publication_date": "2014-04-16T10:01:10.415Z", 
        "creation_date": "2014-04-16T10:01:01.134Z", 
        "publisher_public": 6, 
        "level": 1, 
        "changed_by": "root", 
        "application_urls": null, 
        "publisher_is_draft": true, 
        "xframe_options": 0, 
        "revision_id": 0
    }
},
{
    "pk": 6, 
    "model": "cms.page", 
    "fields": {
        "rght": 9, 
        "navigation_extenders": null, 
        "site": 1, 
        "application_namespace": null, 
        "lft": 6, 
        "in_navigation": true, 
        "reverse_id": null, 
        "login_required": false, 
        "created_by": "root", 
        "languages": "fr", 
        "publication_end_date": null, 
        "template": "page.html", 
        "tree_id": 2, 
        "placeholders": [
            29, 
            30, 
            31, 
            32, 
            33, 
            41
        ], 
        "changed_date": "2014-04-16T14:05:18.319Z", 
        "limit_visibility_in_menu": null, 
        "parent": 2, 
        "soft_root": false, 
        "is_home": false, 
        "publication_date": "2014-04-16T10:01:10.415Z", 
        "creation_date": "2014-04-16T10:01:10.432Z", 
        "publisher_public": 5, 
        "level": 1, 
        "changed_by": "root", 
        "application_urls": null, 
        "publisher_is_draft": false, 
        "xframe_options": 0, 
        "revision_id": 0
    }
},
{
    "pk": 7, 
    "model": "cms.page", 
    "fields": {
        "rght": 4, 
        "navigation_extenders": null, 
        "site": 1, 
        "application_namespace": null, 
        "lft": 3, 
        "in_navigation": true, 
        "reverse_id": null, 
        "login_required": false, 
        "created_by": "root", 
        "languages": "fr,de", 
        "publication_end_date": null, 
        "template": "INHERIT", 
        "tree_id": 1, 
        "placeholders": [
            36
        ], 
        "changed_date": "2014-04-23T14:20:53.790Z", 
        "limit_visibility_in_menu": null, 
        "parent": 3, 
        "soft_root": false, 
        "is_home": false, 
        "publication_date": "2014-04-16T13:51:33.665Z", 
        "creation_date": "2014-04-16T13:51:00.170Z", 
        "publisher_public": 8, 
        "level": 2, 
        "changed_by": "root", 
        "application_urls": null, 
        "publisher_is_draft": true, 
        "xframe_options": 0, 
        "revision_id": 0
    }
},
{
    "pk": 8, 
    "model": "cms.page", 
    "fields": {
        "rght": 4, 
        "navigation_extenders": null, 
        "site": 1, 
        "application_namespace": null, 
        "lft": 3, 
        "in_navigation": false, 
        "reverse_id": null, 
        "login_required": false, 
        "created_by": "root", 
        "languages": "fr,de", 
        "publication_end_date": null, 
        "template": "INHERIT", 
        "tree_id": 2, 
        "placeholders": [
            37
        ], 
        "changed_date": "2014-04-16T14:07:25.334Z", 
        "limit_visibility_in_menu": null, 
        "parent": 4, 
        "soft_root": false, 
        "is_home": false, 
        "publication_date": "2014-04-16T13:51:33.665Z", 
        "creation_date": "2014-04-16T13:51:33.682Z", 
        "publisher_public": 7, 
        "level": 2, 
        "changed_by": "root", 
        "application_urls": null, 
        "publisher_is_draft": false, 
        "xframe_options": 0, 
        "revision_id": 0
    }
},
{
    "pk": 9, 
    "model": "cms.page", 
    "fields": {
        "rght": 8, 
        "navigation_extenders": null, 
        "site": 1, 
        "application_namespace": null, 
        "lft": 7, 
        "in_navigation": false, 
        "reverse_id": null, 
        "login_required": false, 
        "created_by": "root", 
        "languages": "fr,de", 
        "publication_end_date": null, 
        "template": "INHERIT", 
        "tree_id": 1, 
        "placeholders": [
            40
        ], 
        "changed_date": "2014-04-16T14:07:32.170Z", 
        "limit_visibility_in_menu": null, 
        "parent": 5, 
        "soft_root": false, 
        "is_home": false, 
        "publication_date": "2014-04-16T13:51:33.665Z", 
        "creation_date": "2014-04-16T14:04:55.501Z", 
        "publisher_public": 10, 
        "level": 2, 
        "changed_by": "root", 
        "application_urls": null, 
        "publisher_is_draft": true, 
        "xframe_options": 0, 
        "revision_id": 0
    }
},
{
    "pk": 10, 
    "model": "cms.page", 
    "fields": {
        "rght": 8, 
        "navigation_extenders": null, 
        "site": 1, 
        "application_namespace": null, 
        "lft": 7, 
        "in_navigation": false, 
        "reverse_id": null, 
        "login_required": false, 
        "created_by": "root", 
        "languages": "de,fr", 
        "publication_end_date": null, 
        "template": "INHERIT", 
        "tree_id": 2, 
        "placeholders": [
            42
        ], 
        "changed_date": "2014-04-16T14:07:32.129Z", 
        "limit_visibility_in_menu": null, 
        "parent": 6, 
        "soft_root": false, 
        "is_home": false, 
        "publication_date": "2014-04-16T13:51:33.665Z", 
        "creation_date": "2014-04-16T14:05:22.867Z", 
        "publisher_public": 9, 
        "level": 2, 
        "changed_by": "root", 
        "application_urls": null, 
        "publisher_is_draft": false, 
        "xframe_options": 0, 
        "revision_id": 0
    }
},
{
    "pk": 1, 
    "model": "cms.title", 
    "fields": {
        "menu_title": "", 
        "meta_description": "", 
        "page_title": "Journalism++", 
        "language": "fr", 
        "title": "Home", 
        "has_url_overwrite": false, 
        "redirect": "", 
        "publisher_is_draft": true, 
        "page": 1, 
        "published": true, 
        "path": "", 
        "publisher_state": 1, 
        "creation_date": "2014-04-16T09:52:57.706Z", 
        "slug": "home", 
        "publisher_public": 2
    }
},
{
    "pk": 2, 
    "model": "cms.title", 
    "fields": {
        "menu_title": "", 
        "meta_description": "", 
        "page_title": "Journalism++", 
        "language": "fr", 
        "title": "Home", 
        "has_url_overwrite": false, 
        "redirect": "", 
        "publisher_is_draft": false, 
        "page": 2, 
        "published": true, 
        "path": "", 
        "publisher_state": 1, 
        "creation_date": "2014-04-16T09:52:57.706Z", 
        "slug": "home", 
        "publisher_public": 1
    }
},
{
    "pk": 3, 
    "model": "cms.title", 
    "fields": {
        "menu_title": "", 
        "meta_description": "", 
        "page_title": "", 
        "language": "de", 
        "title": "Home", 
        "has_url_overwrite": false, 
        "redirect": "", 
        "publisher_is_draft": true, 
        "page": 1, 
        "published": true, 
        "path": "", 
        "publisher_state": 1, 
        "creation_date": "2014-04-16T09:53:05.417Z", 
        "slug": "home", 
        "publisher_public": 8
    }
},
{
    "pk": 4, 
    "model": "cms.title", 
    "fields": {
        "menu_title": "", 
        "meta_description": "", 
        "page_title": "Paris / Berlin", 
        "language": "fr", 
        "title": "Paris/Berlin", 
        "has_url_overwrite": false, 
        "redirect": null, 
        "publisher_is_draft": true, 
        "page": 3, 
        "published": true, 
        "path": "paris-berlin", 
        "publisher_state": 1, 
        "creation_date": "2014-04-16T09:54:38.530Z", 
        "slug": "paris-berlin", 
        "publisher_public": 5
    }
},
{
    "pk": 5, 
    "model": "cms.title", 
    "fields": {
        "menu_title": "", 
        "meta_description": "", 
        "page_title": "Paris / Berlin", 
        "language": "fr", 
        "title": "Paris/Berlin", 
        "has_url_overwrite": false, 
        "redirect": null, 
        "publisher_is_draft": false, 
        "page": 4, 
        "published": true, 
        "path": "paris-berlin", 
        "publisher_state": 1, 
        "creation_date": "2014-04-16T09:54:38.530Z", 
        "slug": "paris-berlin", 
        "publisher_public": 4
    }
},
{
    "pk": 6, 
    "model": "cms.title", 
    "fields": {
        "menu_title": "", 
        "meta_description": "", 
        "page_title": "", 
        "language": "fr", 
        "title": "Cologne", 
        "has_url_overwrite": false, 
        "redirect": null, 
        "publisher_is_draft": true, 
        "page": 5, 
        "published": true, 
        "path": "cologne", 
        "publisher_state": 1, 
        "creation_date": "2014-04-16T10:01:01.169Z", 
        "slug": "cologne", 
        "publisher_public": 7
    }
},
{
    "pk": 7, 
    "model": "cms.title", 
    "fields": {
        "menu_title": "", 
        "meta_description": "", 
        "page_title": "", 
        "language": "fr", 
        "title": "Cologne", 
        "has_url_overwrite": false, 
        "redirect": null, 
        "publisher_is_draft": false, 
        "page": 6, 
        "published": true, 
        "path": "cologne", 
        "publisher_state": 1, 
        "creation_date": "2014-04-16T10:01:01.169Z", 
        "slug": "cologne", 
        "publisher_public": 6
    }
},
{
    "pk": 8, 
    "model": "cms.title", 
    "fields": {
        "menu_title": "", 
        "meta_description": "", 
        "page_title": "", 
        "language": "de", 
        "title": "Home", 
        "has_url_overwrite": false, 
        "redirect": "", 
        "publisher_is_draft": false, 
        "page": 2, 
        "published": true, 
        "path": "", 
        "publisher_state": 1, 
        "creation_date": "2014-04-16T09:53:05.417Z", 
        "slug": "home", 
        "publisher_public": 3
    }
},
{
    "pk": 9, 
    "model": "cms.title", 
    "fields": {
        "menu_title": "", 
        "meta_description": "", 
        "page_title": "", 
        "language": "en", 
        "title": "Home", 
        "has_url_overwrite": false, 
        "redirect": null, 
        "publisher_is_draft": true, 
        "page": 1, 
        "published": true, 
        "path": "", 
        "publisher_state": 1, 
        "creation_date": "2014-04-16T10:31:04.754Z", 
        "slug": "home", 
        "publisher_public": 10
    }
},
{
    "pk": 10, 
    "model": "cms.title", 
    "fields": {
        "menu_title": "", 
        "meta_description": "", 
        "page_title": "", 
        "language": "en", 
        "title": "Home", 
        "has_url_overwrite": false, 
        "redirect": null, 
        "publisher_is_draft": false, 
        "page": 2, 
        "published": true, 
        "path": "", 
        "publisher_state": 0, 
        "creation_date": "2014-04-16T10:31:04.754Z", 
        "slug": "home", 
        "publisher_public": 9
    }
},
{
    "pk": 11, 
    "model": "cms.title", 
    "fields": {
        "menu_title": "", 
        "meta_description": "", 
        "page_title": "", 
        "language": "fr", 
        "title": "Projet", 
        "has_url_overwrite": false, 
        "redirect": null, 
        "publisher_is_draft": true, 
        "page": 7, 
        "published": true, 
        "path": "paris-berlin/projects", 
        "publisher_state": 1, 
        "creation_date": "2014-04-16T13:51:00.184Z", 
        "slug": "projects", 
        "publisher_public": 13
    }
},
{
    "pk": 12, 
    "model": "cms.title", 
    "fields": {
        "menu_title": "", 
        "meta_description": "", 
        "page_title": "", 
        "language": "de", 
        "title": "Projects", 
        "has_url_overwrite": false, 
        "redirect": null, 
        "publisher_is_draft": true, 
        "page": 7, 
        "published": true, 
        "path": "paris-berlin/projects", 
        "publisher_state": 1, 
        "creation_date": "2014-04-16T13:51:26.319Z", 
        "slug": "projects", 
        "publisher_public": 14
    }
},
{
    "pk": 13, 
    "model": "cms.title", 
    "fields": {
        "menu_title": "", 
        "meta_description": "", 
        "page_title": "", 
        "language": "fr", 
        "title": "Projet", 
        "has_url_overwrite": false, 
        "redirect": null, 
        "publisher_is_draft": false, 
        "page": 8, 
        "published": true, 
        "path": "paris-berlin/projects", 
        "publisher_state": 0, 
        "creation_date": "2014-04-16T13:51:00.184Z", 
        "slug": "projects", 
        "publisher_public": 11
    }
},
{
    "pk": 14, 
    "model": "cms.title", 
    "fields": {
        "menu_title": "", 
        "meta_description": "", 
        "page_title": "", 
        "language": "de", 
        "title": "Projects", 
        "has_url_overwrite": false, 
        "redirect": null, 
        "publisher_is_draft": false, 
        "page": 8, 
        "published": true, 
        "path": "paris-berlin/projects", 
        "publisher_state": 0, 
        "creation_date": "2014-04-16T13:51:26.319Z", 
        "slug": "projects", 
        "publisher_public": 12
    }
},
{
    "pk": 15, 
    "model": "cms.title", 
    "fields": {
        "menu_title": "", 
        "meta_description": "", 
        "page_title": "", 
        "language": "de", 
        "title": "Paris/Berlin", 
        "has_url_overwrite": false, 
        "redirect": null, 
        "publisher_is_draft": true, 
        "page": 3, 
        "published": true, 
        "path": "paris-berlin", 
        "publisher_state": 1, 
        "creation_date": "2014-04-16T13:54:13.736Z", 
        "slug": "paris-berlin", 
        "publisher_public": 16
    }
},
{
    "pk": 16, 
    "model": "cms.title", 
    "fields": {
        "menu_title": "", 
        "meta_description": "", 
        "page_title": "", 
        "language": "de", 
        "title": "Paris/Berlin", 
        "has_url_overwrite": false, 
        "redirect": null, 
        "publisher_is_draft": false, 
        "page": 4, 
        "published": true, 
        "path": "paris-berlin", 
        "publisher_state": 1, 
        "creation_date": "2014-04-16T13:54:13.736Z", 
        "slug": "paris-berlin", 
        "publisher_public": 15
    }
},
{
    "pk": 17, 
    "model": "cms.title", 
    "fields": {
        "menu_title": "", 
        "meta_description": "", 
        "page_title": "", 
        "language": "fr", 
        "title": "Projet", 
        "has_url_overwrite": false, 
        "redirect": null, 
        "publisher_is_draft": true, 
        "page": 9, 
        "published": true, 
        "path": "cologne/projects", 
        "publisher_state": 0, 
        "creation_date": "2014-04-16T13:51:00.184Z", 
        "slug": "projects", 
        "publisher_public": 20
    }
},
{
    "pk": 18, 
    "model": "cms.title", 
    "fields": {
        "menu_title": "", 
        "meta_description": "", 
        "page_title": "", 
        "language": "de", 
        "title": "Projects", 
        "has_url_overwrite": false, 
        "redirect": null, 
        "publisher_is_draft": true, 
        "page": 9, 
        "published": true, 
        "path": "cologne/projects", 
        "publisher_state": 1, 
        "creation_date": "2014-04-16T13:51:26.319Z", 
        "slug": "projects", 
        "publisher_public": 19
    }
},
{
    "pk": 19, 
    "model": "cms.title", 
    "fields": {
        "menu_title": "", 
        "meta_description": "", 
        "page_title": "", 
        "language": "de", 
        "title": "Projects", 
        "has_url_overwrite": false, 
        "redirect": null, 
        "publisher_is_draft": false, 
        "page": 10, 
        "published": false, 
        "path": "cologne/projects", 
        "publisher_state": 4, 
        "creation_date": "2014-04-16T13:51:26.319Z", 
        "slug": "projects", 
        "publisher_public": 18
    }
},
{
    "pk": 20, 
    "model": "cms.title", 
    "fields": {
        "menu_title": "", 
        "meta_description": "", 
        "page_title": "", 
        "language": "fr", 
        "title": "Projet", 
        "has_url_overwrite": false, 
        "redirect": null, 
        "publisher_is_draft": false, 
        "page": 10, 
        "published": true, 
        "path": "cologne/projects", 
        "publisher_state": 0, 
        "creation_date": "2014-04-16T13:51:00.184Z", 
        "slug": "projects", 
        "publisher_public": 17
    }
},
{
    "pk": 30, 
    "model": "cms.placeholderreference", 
    "fields": {
        "placeholder_ref": 45, 
        "name": "What We Do"
    }
},
{
    "pk": 1, 
    "model": "cms.staticplaceholder", 
    "fields": {
        "code": "footer", 
        "name": "footer", 
        "creation_method": "template", 
        "site": null, 
        "draft": 12, 
        "dirty": false, 
        "public": 13
    }
},
{
    "pk": 25, 
    "model": "djangocms_style.style", 
    "fields": {
        "additional_classes": "", 
        "margin_right": null, 
        "class_name": "header__title", 
        "padding_bottom": null, 
        "margin_left": null, 
        "padding_right": null, 
        "margin_top": null, 
        "padding_left": null, 
        "padding_top": null, 
        "margin_bottom": null, 
        "tag_type": "div"
    }
},
{
    "pk": 27, 
    "model": "djangocms_style.style", 
    "fields": {
        "additional_classes": "", 
        "margin_right": null, 
        "class_name": "header__title", 
        "padding_bottom": null, 
        "margin_left": null, 
        "padding_right": null, 
        "margin_top": null, 
        "padding_left": null, 
        "padding_top": null, 
        "margin_bottom": null, 
        "tag_type": "div"
    }
},
{
    "pk": 42, 
    "model": "djangocms_style.style", 
    "fields": {
        "additional_classes": "", 
        "margin_right": null, 
        "class_name": "header__title", 
        "padding_bottom": null, 
        "margin_left": null, 
        "padding_right": null, 
        "margin_top": null, 
        "padding_left": null, 
        "padding_top": null, 
        "margin_bottom": null, 
        "tag_type": "div"
    }
},
{
    "pk": 44, 
    "model": "djangocms_style.style", 
    "fields": {
        "additional_classes": "", 
        "margin_right": null, 
        "class_name": "header__title", 
        "padding_bottom": null, 
        "margin_left": null, 
        "padding_right": null, 
        "margin_top": null, 
        "padding_left": null, 
        "padding_top": null, 
        "margin_bottom": null, 
        "tag_type": "div"
    }
},
{
    "pk": 1, 
    "model": "taggit.tag", 
    "fields": {
        "name": "code-apps", 
        "slug": "code-apps"
    }
},
{
    "pk": 2, 
    "model": "taggit.tag", 
    "fields": {
        "name": "consulting", 
        "slug": "consulting"
    }
},
{
    "pk": 3, 
    "model": "taggit.tag", 
    "fields": {
        "name": "design", 
        "slug": "design"
    }
},
{
    "pk": 4, 
    "model": "taggit.tag", 
    "fields": {
        "name": "investigate", 
        "slug": "investigate"
    }
},
{
    "pk": 5, 
    "model": "taggit.tag", 
    "fields": {
        "name": "evangelize", 
        "slug": "evangelize"
    }
},
{
    "pk": 4, 
    "model": "taggit.taggeditem", 
    "fields": {
        "tag": 1, 
        "content_type": [
            "jplusplus", 
            "project"
        ], 
        "object_id": 8
    }
},
{
    "pk": 5, 
    "model": "taggit.taggeditem", 
    "fields": {
        "tag": 4, 
        "content_type": [
            "jplusplus", 
            "project"
        ], 
        "object_id": 8
    }
},
{
    "pk": 6, 
    "model": "taggit.taggeditem", 
    "fields": {
        "tag": 3, 
        "content_type": [
            "jplusplus", 
            "project"
        ], 
        "object_id": 6
    }
},
{
    "pk": 10, 
    "model": "taggit.taggeditem", 
    "fields": {
        "tag": 3, 
        "content_type": [
            "jplusplus", 
            "project"
        ], 
        "object_id": 1
    }
},
{
    "pk": 16, 
    "model": "taggit.taggeditem", 
    "fields": {
        "tag": 3, 
        "content_type": [
            "jplusplus", 
            "project"
        ], 
        "object_id": 7
    }
},
{
    "pk": 17, 
    "model": "taggit.taggeditem", 
    "fields": {
        "tag": 5, 
        "content_type": [
            "jplusplus", 
            "project"
        ], 
        "object_id": 4
    }
},
{
    "pk": 26, 
    "model": "taggit.taggeditem", 
    "fields": {
        "tag": 2, 
        "content_type": [
            "jplusplus", 
            "project"
        ], 
        "object_id": 2
    }
},
{
    "pk": 27, 
    "model": "taggit.taggeditem", 
    "fields": {
        "tag": 3, 
        "content_type": [
            "jplusplus", 
            "project"
        ], 
        "object_id": 2
    }
},
{
    "pk": 28, 
    "model": "taggit.taggeditem", 
    "fields": {
        "tag": 4, 
        "content_type": [
            "jplusplus", 
            "project"
        ], 
        "object_id": 2
    }
},
{
    "pk": 29, 
    "model": "taggit.taggeditem", 
    "fields": {
        "tag": 5, 
        "content_type": [
            "jplusplus", 
            "project"
        ], 
        "object_id": 2
    }
},
{
    "pk": 30, 
    "model": "taggit.taggeditem", 
    "fields": {
        "tag": 1, 
        "content_type": [
            "jplusplus", 
            "project"
        ], 
        "object_id": 3
    }
},
{
    "pk": 31, 
    "model": "taggit.taggeditem", 
    "fields": {
        "tag": 2, 
        "content_type": [
            "jplusplus", 
            "project"
        ], 
        "object_id": 3
    }
},
{
    "pk": 32, 
    "model": "taggit.taggeditem", 
    "fields": {
        "tag": 2, 
        "content_type": [
            "jplusplus", 
            "project"
        ], 
        "object_id": 5
    }
},
{
    "pk": 33, 
    "model": "taggit.taggeditem", 
    "fields": {
        "tag": 4, 
        "content_type": [
            "jplusplus", 
            "project"
        ], 
        "object_id": 5
    }
},
{
    "pk": 34, 
    "model": "taggit.taggeditem", 
    "fields": {
        "tag": 5, 
        "content_type": [
            "jplusplus", 
            "project"
        ], 
        "object_id": 5
    }
},
{
    "pk": 35, 
    "model": "taggit.taggeditem", 
    "fields": {
        "tag": 2, 
        "content_type": [
            "jplusplus", 
            "project"
        ], 
        "object_id": 9
    }
},
{
    "pk": 36, 
    "model": "taggit.taggeditem", 
    "fields": {
        "tag": 3, 
        "content_type": [
            "jplusplus", 
            "project"
        ], 
        "object_id": 9
    }
},
{
    "pk": 24, 
    "model": "djangocms_text_ckeditor.text", 
    "fields": {
        "body": "<h1><strong>DATA-DRIVEN</strong> STORYTELLING</h1>\n"
    }
},
{
    "pk": 26, 
    "model": "djangocms_text_ckeditor.text", 
    "fields": {
        "body": "<h1><strong>DATA-DRIVEN</strong> STORYTELLING</h1>\n"
    }
},
{
    "pk": 33, 
    "model": "djangocms_text_ckeditor.text", 
    "fields": {
        "body": "<h2>What we do</h2>\n\n<div class=\"subtitle\">We conceive, design and produce digital tools and integrated experiences for web, tablet and mobile</div>\n\n<p>By turning data into visuals, we help you discover trends and gain valuable insights.<br>\nOur dashboards and visual databases are keys to exploring your informations.</p>\n"
    }
},
{
    "pk": 34, 
    "model": "djangocms_text_ckeditor.text", 
    "fields": {
        "body": "<h2>Our work</h2>\n"
    }
},
{
    "pk": 37, 
    "model": "djangocms_text_ckeditor.text", 
    "fields": {
        "body": "<h2>What we do</h2>\n\n<div class=\"subtitle\">We conceive, design and produce digital tools and integrated experiences for web, tablet and mobile</div>\n\n<p>By turning data into visuals, we help you discover trends and gain valuable insights.<br>\nOur dashboards and visual databases are keys to exploring your informations.</p>\n"
    }
},
{
    "pk": 38, 
    "model": "djangocms_text_ckeditor.text", 
    "fields": {
        "body": "<h2>Our work</h2>\n"
    }
},
{
    "pk": 39, 
    "model": "djangocms_text_ckeditor.text", 
    "fields": {
        "body": "<h2>OUR CLIENTS &amp; PARTNERS</h2>\n"
    }
},
{
    "pk": 40, 
    "model": "djangocms_text_ckeditor.text", 
    "fields": {
        "body": "<h2>WHO WE ARE</h2>\n"
    }
},
{
    "pk": 41, 
    "model": "djangocms_text_ckeditor.text", 
    "fields": {
        "body": "<h2>LET\u2019S TALK</h2>\n"
    }
},
{
    "pk": 43, 
    "model": "djangocms_text_ckeditor.text", 
    "fields": {
        "body": "<h1><strong>DATA-DRIVEN</strong> STORYTELLING</h1>\n"
    }
},
{
    "pk": 45, 
    "model": "djangocms_text_ckeditor.text", 
    "fields": {
        "body": "<h1><strong>DATA-DRIVEN</strong> STORYTELLING</h1>\n"
    }
},
{
    "pk": 48, 
    "model": "djangocms_text_ckeditor.text", 
    "fields": {
        "body": "<h2>What we do</h2>\n\n<div class=\"subtitle\">We conceive, design and produce digital tools and integrated experiences for web, tablet and mobile</div>\n\n<p>By turning data into visuals, we help you discover trends and gain valuable insights.<br>\nOur dashboards and visual databases are keys to exploring your informations.</p>\n"
    }
},
{
    "pk": 49, 
    "model": "djangocms_text_ckeditor.text", 
    "fields": {
        "body": "<h2>Our work</h2>\n"
    }
},
{
    "pk": 50, 
    "model": "djangocms_text_ckeditor.text", 
    "fields": {
        "body": "<h2>OUR CLIENTS &amp; PARTNERS</h2>\n"
    }
},
{
    "pk": 51, 
    "model": "djangocms_text_ckeditor.text", 
    "fields": {
        "body": "<h2>WHO WE ARE</h2>\n"
    }
},
{
    "pk": 52, 
    "model": "djangocms_text_ckeditor.text", 
    "fields": {
        "body": "<h2>LET\u2019S TALK</h2>\n"
    }
},
{
    "pk": 13, 
    "model": "djangocms_link.link", 
    "fields": {
        "mailto": "", 
        "target": "", 
        "url": "", 
        "page_link": 7, 
        "phone": "", 
        "name": "Nos projets"
    }
},
{
    "pk": 14, 
    "model": "djangocms_link.link", 
    "fields": {
        "mailto": "", 
        "target": "", 
        "url": "", 
        "page_link": 7, 
        "phone": "", 
        "name": "Nos projets"
    }
},
{
    "pk": 20, 
    "model": "djangocms_link.link", 
    "fields": {
        "mailto": "", 
        "target": "", 
        "url": "", 
        "page_link": 9, 
        "phone": "", 
        "name": "Nos projets"
    }
},
{
    "pk": 21, 
    "model": "djangocms_link.link", 
    "fields": {
        "mailto": "", 
        "target": "", 
        "url": "", 
        "page_link": 9, 
        "phone": "", 
        "name": "Nos projets"
    }
},
{
    "pk": 22, 
    "model": "djangocms_link.link", 
    "fields": {
        "mailto": "", 
        "target": "", 
        "url": "", 
        "page_link": 7, 
        "phone": "", 
        "name": "projekt"
    }
},
{
    "pk": 23, 
    "model": "djangocms_link.link", 
    "fields": {
        "mailto": "", 
        "target": "", 
        "url": "", 
        "page_link": 7, 
        "phone": "", 
        "name": "projekt"
    }
},
{
    "pk": 53, 
    "model": "djangocms_link.link", 
    "fields": {
        "mailto": "", 
        "target": "", 
        "url": "", 
        "page_link": 7, 
        "phone": "", 
        "name": "Nos projets"
    }
},
{
    "pk": 1, 
    "model": "jplusplus.office", 
    "fields": {
        "slug": "paris-berlin", 
        "title": "Paris/Berlin"
    }
},
{
    "pk": 2, 
    "model": "jplusplus.office", 
    "fields": {
        "slug": "cologne", 
        "title": "Cologne"
    }
},
{
    "pk": 1, 
    "model": "jplusplus.projecttranslation", 
    "fields": {
        "language_code": "fr", 
        "master": 1, 
        "description": "<p>Spending Stories est un proj&eacute; de l&#39;[Open Knowledge Foundation](http://fr.okfn.org/&lrm;) visant &agrave; am&eacute;liorer la compr&eacute;hension des donn&eacute;es budg&eacute;taires mondiales [en savoir plus](http://blog.okfn.org/category/okf-projects/spending-stories/).Ce projet est financ&eacute; par la Knight Foundation. <strong>Cette partie</strong> du projet &quot;Spending Stories&quot; permet aux utilisateurs de mettre des donn&eacute;es mon&eacute;taires en perspective et d&#39;obtenir un contexte. N&#39;importe quel montant dans n&#39;importe quelle devise peut-&ecirc;tre entr&eacute; et compar&eacute; &agrave; de vraies d&eacute;penses. Les r&eacute;sultats prennent en compte l&#39;inflation dans le pays dans lequel la d&eacute;pense a &eacute;t&eacute; r&eacute;alis&eacute;e ainsi que le taux de change entre deux monnaies diff&eacute;rentes, afin de pouvoir les comparer. Ce projet est [open source](https://github.com/jplusplus/okf-spending-stories) et peut-&ecirc;tre install&eacute; sur vos propres serveurs afin de pouvoir utiliser les d&eacute;penses budg&eacute;taires de votre choix dans votre base de donn&eacute;es. **L&#39;Open Knowledge foundation a fait appel &agrave; la partie de Journalism++ bas&eacute;e &agrave; Paris et Berlin pour r&eacute;aliser cette application. Ce projet a &eacute;t&eacute; g&eacute;r&eacute; par [Anne-Lise Bouyer](twitter.com/annelisebouyer) et d&eacute;velopp&eacute; par [Pierre Bellon](twitter.com/toutenrab), [Edouard Richard](twitter.com/vied12), [Paul Joannon](twitter.com/paulloz) et [Pierre Romera.](twitter.com/pirhoo).**</p>\r\n", 
        "title": "Spending Stories"
    }
},
{
    "pk": 2, 
    "model": "jplusplus.projecttranslation", 
    "fields": {
        "language_code": "fr", 
        "master": 2, 
        "description": "<p>Journalism++ a d&eacute;velopp&eacute; le site du webdocumentaire &quot;Une contre-histoire des Internets&quot;, co-produit par Arte et Premi&egrave;res Lignes. L&rsquo;objectif de ce webdocumentaire : raconter et d&eacute;couvrir pourquoi, et comment, les internets ont chang&eacute; nos vies, recenser ce qu&rsquo;on n&rsquo;a pas eu le droit d&rsquo;y faire, ce qu&rsquo;on a invent&eacute; pour le faire quand m&ecirc;me, et ainsi participer collectivement &agrave; l&rsquo;&eacute;laboration d&rsquo;une &ldquo;contre-histoire des internets&rdquo;, qui se veut libre, ouverte et partag&eacute;e. Le site fait le lien avec le documentaire &eacute;crit par Jean-Marc Manach (@manhack) et Julien Goetz (@juliengoetz) r&eacute;alis&eacute; par Sylvain Berg&egrave;re, diffus&eacute; sur Art&eacute; en Mai 2013.</p>\r\n", 
        "title": "Une contre-histoire des Internets"
    }
},
{
    "pk": 3, 
    "model": "jplusplus.projecttranslation", 
    "fields": {
        "language_code": "en", 
        "master": 2, 
        "description": "Journalism++ developed the site of the web documentary \"The counter-history of the Internets\", co-produced by Arte and Premi\u00e8res Lignes.\r\n\r\nThe objective of this web documentary: tell and find out why, and how, the internets have changed our lives, identify what we don't have the right to do, what was invented to do it anyway and thus collectively participate in the development of a \"counter-history of the Internets\", which wants to be free, open and shared.\r\n\r\n\r\nThe site is related to the documentary written by Jean-Marc Manach (@manhack) and Julien Goetz (@juliengoetz),directed by Sylvain Berg\u00e8re, broadcast on Arte in May 2013.", 
        "title": "The counter-history of the Internets"
    }
},
{
    "pk": 4, 
    "model": "jplusplus.projecttranslation", 
    "fields": {
        "language_code": "de", 
        "master": 2, 
        "description": " Journalism++ a d\u00e9velopp\u00e9 le site du webdocumentaire \"Une contre-histoire des Internets\", co-produit par Arte et Premi\u00e8res Lignes.\r\n\r\n L\u2019objectif de ce webdocumentaire : raconter et d\u00e9couvrir pourquoi, et comment, les internets ont chang\u00e9 nos vies, recenser ce qu\u2019on n\u2019a pas eu le droit d\u2019y faire, ce qu\u2019on a invent\u00e9 pour le faire quand m\u00eame, et ainsi participer collectivement \u00e0 l\u2019\u00e9laboration d\u2019une \u201ccontre-histoire des internets\u201d, qui se veut libre, ouverte et partag\u00e9e.\r\n\r\n\r\nLe site fait le lien avec le documentaire \u00e9crit par Jean-Marc Manach (@manhack) et Julien Goetz (@juliengoetz) r\u00e9alis\u00e9 par Sylvain Berg\u00e8re, diffus\u00e9 sur Art\u00e9 en Mai 2013.", 
        "title": "Eine gegengeschichte der Internetze"
    }
},
{
    "pk": 5, 
    "model": "jplusplus.projecttranslation", 
    "fields": {
        "language_code": "de", 
        "master": 1, 
        "description": "Spending Stories is a project by the [Open Knowledge Foundation](http://okfn.org) aiming at improving fiscal literacy and providing greater awareness of budget data worldwide. Read more about it on this blog. It is supported by a grant by the Knight Foundation.\r\n\r\nThis part of the Spending Stories project enables users to put amounts into perspective. Any amount in any currency can be queried and compared against real-life expenditures. The results take into account inflation in the country where the expenditure has been realized.\r\n\r\nThe project is [open source](https://github.com/jplusplus/okf-spending-stories) and can be installed on your own server for you to insert your own spending stories. Find more instructions at Github.\r\n\r\n**The Open Knowledge foundation asked Paris and Berlin-based agency Journalism++ SAS  to build this app. It was managed by [Anne-Lise Bouyer](twitter.com/annelisebouyer) and coded by [Pierre Bellon](twitter.com/toutenrab), [Edouard Richard](twitter.com/vied12), [Paul Joannon](twitter.com/paulloz) and [Pierre Romera.](twitter.com/pirhoo).**", 
        "title": "Spending Stories"
    }
},
{
    "pk": 6, 
    "model": "jplusplus.projecttranslation", 
    "fields": {
        "language_code": "fr", 
        "master": 3, 
        "description": "<p>Journalism++ participe au projet [Datawrapper](http://datawrapper.de/), initi&eacute; par Mirko Lorenz pour le compte de [ABZV](http://abzv.de/), un organisme de formation continue pour journalistes. L&rsquo;objectif est de permettre &agrave; tous les journalistes de cr&eacute;er des diagrammes simples et corrects en quelques secondes, afin de les int&eacute;grer ensuite &agrave; leurs articles.</p>\r\n\r\n<p>Les journalistes apr&eacute;cient la simplicit&eacute; du produit et la justesse des visualisations produites, qui se fondent sur les enseignement de [Dona Wong](http://www.amazon.com/Street-Journal-Guide-Information-Graphics/dp/0393072959), du Wall Street Journal. Datawrapper permet &agrave; tout m&eacute;dia de personnaliser facilement le design de l&rsquo;outil en fonction de ses besoins.</p>\r\n\r\n<p>[@nicolaskb](https://twitter.com/#%21/nicolaskb/) a r&eacute;alis&eacute; le prototype de Datawrapper et la version 1.0 est maintenant cod&eacute;e principalement par [@driven_by_data](https://twitter.com/driven_by_data). Datawrapper est utilis&eacute; par [The Guardian](http://www.guardian.co.uk/), [Ruhr Nachrichten](http://www.ruhrnachrichten.de/) (Dortmund), [L&rsquo;Avenir](http://www.lavenir.net/) (Belgique) et [RTL.nl](http://www.rtl.nl/experience/rtlnl/), entre autres.</p>\r\n", 
        "title": "Datawrapper: des visualisations en quelques secondes"
    }
},
{
    "pk": 7, 
    "model": "jplusplus.projecttranslation", 
    "fields": {
        "language_code": "de", 
        "master": 3, 
        "description": "<p>Journalism++ ist sehr stolz, am Datawrapper-Projekt teilzunehmen. Das Projekt wurde von Mirko Lorenz gestartet und wird von der [ABZV](http://abzv.de/) finanziert. Das Ziel ist, dass Journalisten einfache und korrekte Diagramme, die dann in Artikel eingebettet werden k&ouml;nnen, in Sekunden selbst bauen k&ouml;nnen.</p>\r\n\r\n<p>Journalisten lieben die Einfachheit des Produktes und die Tatsache, dass Datawrapper sie daran hindert, falscher Charts zu ver&ouml;ffentlichen. Das Charts Design folgt der Lehre von [Dona Wong](http://www.amazon.com/Street-Journal-Guide-Information-Graphics/dp/0393072959) vom Wall Street Journal. Datawrapper funktioniert so, dass jede Redaktion es einfach und schnell installieren und personalisieren kann.</p>\r\n\r\n<p>[@nicolaskb](https://twitter.com/#%21/nicolaskb/) hat den Prototyp f&uuml;r Datawrapper codiert. Version 1.0 wird jetzt von [@driven_by_data](https://twitter.com/driven_by_data) entwickelt. Datawrapper wird regelm&auml;&szlig;ig von [The Guardian](http://www.guardian.co.uk/), [Ruhr Nachrichten](http://www.ruhrnachrichten.de/) (Dortmund), [L&rsquo;Avenir](http://www.lavenir.net/) (Belgien) und [RTL.nl](http://www.rtl.nl/experience/rtlnl/) u.a. verwendet.</p>\r\n", 
        "title": "Datawrapper: Open Source Datenvisualisierung"
    }
},
{
    "pk": 8, 
    "model": "jplusplus.projecttranslation", 
    "fields": {
        "language_code": "en", 
        "master": 3, 
        "description": "<p>Journalism++ is very proud to take part in [Datawrapper](http://datawrapper.de/). The project was started by Mirko Lorenz and is financed by [ABZV](http://abzv.de/), a German training institute for journalists. The goal is to let any journalist build simple and correct charts in seconds that can then be embedded in articles.</p>\r\n\r\n<p>Journalists love the simplicity of the product and the fact that Datawrapper prevents them from publishing wrong charts. The charts design follows the teaching of The Wall Street Journal&rsquo;s [Dona Wong](http://www.amazon.com/Street-Journal-Guide-Information-Graphics/dp/0393072959). Datawrapper is built in such a way that any media organization can install and customize it quickly.</p>\r\n\r\n<p>[@nicolaskb](https://twitter.com/#%21/nicolaskb/) coded the prototype for Datawrapper. Version 1.0 is now developed by [@driven_by_data](https://twitter.com/driven_by_data). Datawrapper is used regularly by [The Guardian](http://www.guardian.co.uk/), [Ruhr Nachrichten](http://www.ruhrnachrichten.de/) (Dortmund), [L&rsquo;Avenir](http://www.lavenir.net/) (Belgium) and [RTL.nl](http://www.rtl.nl/experience/rtlnl/) among others.</p>\r\n", 
        "title": "Datawrapper: Build charts\u00a0in seconds"
    }
},
{
    "pk": 9, 
    "model": "jplusplus.projecttranslation", 
    "fields": {
        "language_code": "fr", 
        "master": 4, 
        "description": "<p>Spending Stories est un proj&eacute; de l&#39;[Open Knowledge Foundation](http://fr.okfn.org/&lrm;) visant &agrave; am&eacute;liorer la compr&eacute;hension des donn&eacute;es budg&eacute;taires mondiales [en savoir plus](http://blog.okfn.org/category/okf-projects/spending-stories/).Ce projet est financ&eacute; par la Knight Foundation. <strong>Cette partie</strong> du projet &quot;Spending Stories&quot; permet aux utilisateurs de mettre des donn&eacute;es mon&eacute;taires en perspective et d&#39;obtenir un contexte. N&#39;importe quel montant dans n&#39;importe quelle devise peut-&ecirc;tre entr&eacute; et compar&eacute; &agrave; de vraies d&eacute;penses. Les r&eacute;sultats prennent en compte l&#39;inflation dans le pays dans lequel la d&eacute;pense a &eacute;t&eacute; r&eacute;alis&eacute;e ainsi que le taux de change entre deux monnaies diff&eacute;rentes, afin de pouvoir les comparer. Ce projet est [open source](https://github.com/jplusplus/okf-spending-stories) et peut-&ecirc;tre install&eacute; sur vos propres serveurs afin de pouvoir utiliser les d&eacute;penses budg&eacute;taires de votre choix dans votre base de donn&eacute;es. **L&#39;Open Knowledge foundation a fait appel &agrave; la partie de Journalism++ bas&eacute;e &agrave; Paris et Berlin pour r&eacute;aliser cette application. Ce projet a &eacute;t&eacute; g&eacute;r&eacute; par [Anne-Lise Bouyer](twitter.com/annelisebouyer) et d&eacute;velopp&eacute; par [Pierre Bellon](twitter.com/toutenrab), [Edouard Richard](twitter.com/vied12), [Paul Joannon](twitter.com/paulloz) et [Pierre Romera.](twitter.com/pirhoo).**</p>\r\n", 
        "title": "Spending Stories"
    }
},
{
    "pk": 10, 
    "model": "jplusplus.projecttranslation", 
    "fields": {
        "language_code": "fr", 
        "master": 5, 
        "description": "<p>Spending Stories est un proj&eacute; de l&#39;[Open Knowledge Foundation](http://fr.okfn.org/&lrm;) visant &agrave; am&eacute;liorer la compr&eacute;hension des donn&eacute;es budg&eacute;taires mondiales [en savoir plus](http://blog.okfn.org/category/okf-projects/spending-stories/).Ce projet est financ&eacute; par la Knight Foundation. <strong>Cette partie</strong> du projet &quot;Spending Stories&quot; permet aux utilisateurs de mettre des donn&eacute;es mon&eacute;taires en perspective et d&#39;obtenir un contexte. N&#39;importe quel montant dans n&#39;importe quelle devise peut-&ecirc;tre entr&eacute; et compar&eacute; &agrave; de vraies d&eacute;penses. Les r&eacute;sultats prennent en compte l&#39;inflation dans le pays dans lequel la d&eacute;pense a &eacute;t&eacute; r&eacute;alis&eacute;e ainsi que le taux de change entre deux monnaies diff&eacute;rentes, afin de pouvoir les comparer. Ce projet est [open source](https://github.com/jplusplus/okf-spending-stories) et peut-&ecirc;tre install&eacute; sur vos propres serveurs afin de pouvoir utiliser les d&eacute;penses budg&eacute;taires de votre choix dans votre base de donn&eacute;es. **L&#39;Open Knowledge foundation a fait appel &agrave; la partie de Journalism++ bas&eacute;e &agrave; Paris et Berlin pour r&eacute;aliser cette application. Ce projet a &eacute;t&eacute; g&eacute;r&eacute; par [Anne-Lise Bouyer](twitter.com/annelisebouyer) et d&eacute;velopp&eacute; par [Pierre Bellon](twitter.com/toutenrab), [Edouard Richard](twitter.com/vied12), [Paul Joannon](twitter.com/paulloz) et [Pierre Romera.](twitter.com/pirhoo).**</p>\r\n", 
        "title": "Spending Stories"
    }
},
{
    "pk": 11, 
    "model": "jplusplus.projecttranslation", 
    "fields": {
        "language_code": "fr", 
        "master": 6, 
        "description": "<p>Spending Stories est un proj&eacute; de l&#39;[Open Knowledge Foundation](http://fr.okfn.org/&lrm;) visant &agrave; am&eacute;liorer la compr&eacute;hension des donn&eacute;es budg&eacute;taires mondiales [en savoir plus](http://blog.okfn.org/category/okf-projects/spending-stories/).Ce projet est financ&eacute; par la Knight Foundation. <strong>Cette partie</strong> du projet &quot;Spending Stories&quot; permet aux utilisateurs de mettre des donn&eacute;es mon&eacute;taires en perspective et d&#39;obtenir un contexte. N&#39;importe quel montant dans n&#39;importe quelle devise peut-&ecirc;tre entr&eacute; et compar&eacute; &agrave; de vraies d&eacute;penses. Les r&eacute;sultats prennent en compte l&#39;inflation dans le pays dans lequel la d&eacute;pense a &eacute;t&eacute; r&eacute;alis&eacute;e ainsi que le taux de change entre deux monnaies diff&eacute;rentes, afin de pouvoir les comparer. Ce projet est [open source](https://github.com/jplusplus/okf-spending-stories) et peut-&ecirc;tre install&eacute; sur vos propres serveurs afin de pouvoir utiliser les d&eacute;penses budg&eacute;taires de votre choix dans votre base de donn&eacute;es. **L&#39;Open Knowledge foundation a fait appel &agrave; la partie de Journalism++ bas&eacute;e &agrave; Paris et Berlin pour r&eacute;aliser cette application. Ce projet a &eacute;t&eacute; g&eacute;r&eacute; par [Anne-Lise Bouyer](twitter.com/annelisebouyer) et d&eacute;velopp&eacute; par [Pierre Bellon](twitter.com/toutenrab), [Edouard Richard](twitter.com/vied12), [Paul Joannon](twitter.com/paulloz) et [Pierre Romera.](twitter.com/pirhoo).**</p>\r\n", 
        "title": "Spending Stories"
    }
},
{
    "pk": 12, 
    "model": "jplusplus.projecttranslation", 
    "fields": {
        "language_code": "fr", 
        "master": 7, 
        "description": "<p>Spending Stories est un proj&eacute; de l&#39;[Open Knowledge Foundation](http://fr.okfn.org/&lrm;) visant &agrave; am&eacute;liorer la compr&eacute;hension des donn&eacute;es budg&eacute;taires mondiales [en savoir plus](http://blog.okfn.org/category/okf-projects/spending-stories/).Ce projet est financ&eacute; par la Knight Foundation. <strong>Cette partie</strong> du projet &quot;Spending Stories&quot; permet aux utilisateurs de mettre des donn&eacute;es mon&eacute;taires en perspective et d&#39;obtenir un contexte. N&#39;importe quel montant dans n&#39;importe quelle devise peut-&ecirc;tre entr&eacute; et compar&eacute; &agrave; de vraies d&eacute;penses. Les r&eacute;sultats prennent en compte l&#39;inflation dans le pays dans lequel la d&eacute;pense a &eacute;t&eacute; r&eacute;alis&eacute;e ainsi que le taux de change entre deux monnaies diff&eacute;rentes, afin de pouvoir les comparer. Ce projet est [open source](https://github.com/jplusplus/okf-spending-stories) et peut-&ecirc;tre install&eacute; sur vos propres serveurs afin de pouvoir utiliser les d&eacute;penses budg&eacute;taires de votre choix dans votre base de donn&eacute;es. **L&#39;Open Knowledge foundation a fait appel &agrave; la partie de Journalism++ bas&eacute;e &agrave; Paris et Berlin pour r&eacute;aliser cette application. Ce projet a &eacute;t&eacute; g&eacute;r&eacute; par [Anne-Lise Bouyer](twitter.com/annelisebouyer) et d&eacute;velopp&eacute; par [Pierre Bellon](twitter.com/toutenrab), [Edouard Richard](twitter.com/vied12), [Paul Joannon](twitter.com/paulloz) et [Pierre Romera.](twitter.com/pirhoo).**</p>\r\n", 
        "title": "Spending Stories"
    }
},
{
    "pk": 13, 
    "model": "jplusplus.projecttranslation", 
    "fields": {
        "language_code": "fr", 
        "master": 8, 
        "description": "<p>Spending Stories est un proj&eacute; de l&#39;[Open Knowledge Foundation](http://fr.okfn.org/&lrm;) visant &agrave; am&eacute;liorer la compr&eacute;hension des donn&eacute;es budg&eacute;taires mondiales [en savoir plus](http://blog.okfn.org/category/okf-projects/spending-stories/).Ce projet est financ&eacute; par la Knight Foundation. <strong>Cette partie</strong> du projet &quot;Spending Stories&quot; permet aux utilisateurs de mettre des donn&eacute;es mon&eacute;taires en perspective et d&#39;obtenir un contexte. N&#39;importe quel montant dans n&#39;importe quelle devise peut-&ecirc;tre entr&eacute; et compar&eacute; &agrave; de vraies d&eacute;penses. Les r&eacute;sultats prennent en compte l&#39;inflation dans le pays dans lequel la d&eacute;pense a &eacute;t&eacute; r&eacute;alis&eacute;e ainsi que le taux de change entre deux monnaies diff&eacute;rentes, afin de pouvoir les comparer. Ce projet est [open source](https://github.com/jplusplus/okf-spending-stories) et peut-&ecirc;tre install&eacute; sur vos propres serveurs afin de pouvoir utiliser les d&eacute;penses budg&eacute;taires de votre choix dans votre base de donn&eacute;es. **L&#39;Open Knowledge foundation a fait appel &agrave; la partie de Journalism++ bas&eacute;e &agrave; Paris et Berlin pour r&eacute;aliser cette application. Ce projet a &eacute;t&eacute; g&eacute;r&eacute; par [Anne-Lise Bouyer](twitter.com/annelisebouyer) et d&eacute;velopp&eacute; par [Pierre Bellon](twitter.com/toutenrab), [Edouard Richard](twitter.com/vied12), [Paul Joannon](twitter.com/paulloz) et [Pierre Romera.](twitter.com/pirhoo).**</p>\r\n", 
        "title": "Spending Stories"
    }
},
{
    "pk": 14, 
    "model": "jplusplus.projecttranslation", 
    "fields": {
        "language_code": "fr", 
        "master": 9, 
        "description": "<p>Spending Stories est un proj&eacute; de l&#39;[Open Knowledge Foundation](http://fr.okfn.org/&lrm;) visant &agrave; am&eacute;liorer la compr&eacute;hension des donn&eacute;es budg&eacute;taires mondiales [en savoir plus](http://blog.okfn.org/category/okf-projects/spending-stories/).Ce projet est financ&eacute; par la Knight Foundation. <strong>Cette partie</strong> du projet &quot;Spending Stories&quot; permet aux utilisateurs de mettre des donn&eacute;es mon&eacute;taires en perspective et d&#39;obtenir un contexte. N&#39;importe quel montant dans n&#39;importe quelle devise peut-&ecirc;tre entr&eacute; et compar&eacute; &agrave; de vraies d&eacute;penses. Les r&eacute;sultats prennent en compte l&#39;inflation dans le pays dans lequel la d&eacute;pense a &eacute;t&eacute; r&eacute;alis&eacute;e ainsi que le taux de change entre deux monnaies diff&eacute;rentes, afin de pouvoir les comparer. Ce projet est [open source](https://github.com/jplusplus/okf-spending-stories) et peut-&ecirc;tre install&eacute; sur vos propres serveurs afin de pouvoir utiliser les d&eacute;penses budg&eacute;taires de votre choix dans votre base de donn&eacute;es. **L&#39;Open Knowledge foundation a fait appel &agrave; la partie de Journalism++ bas&eacute;e &agrave; Paris et Berlin pour r&eacute;aliser cette application. Ce projet a &eacute;t&eacute; g&eacute;r&eacute; par [Anne-Lise Bouyer](twitter.com/annelisebouyer) et d&eacute;velopp&eacute; par [Pierre Bellon](twitter.com/toutenrab), [Edouard Richard](twitter.com/vied12), [Paul Joannon](twitter.com/paulloz) et [Pierre Romera.](twitter.com/pirhoo).**</p>\r\n", 
        "title": "Spending Stories"
    }
},
{
    "pk": 1, 
    "model": "jplusplus.project", 
    "fields": {
        "image": "projects/spending-stories.png", 
        "order": 2, 
        "highlighted": false, 
        "link": "http://okf-spendingstories.herokuapp.com", 
        "date": "2013-11-13", 
        "offices": [
            1
        ], 
        "slug": "spending-stories"
    }
},
{
    "pk": 2, 
    "model": "jplusplus.project", 
    "fields": {
        "image": "projects/contre-histoire-internets.png", 
        "order": 3, 
        "highlighted": true, 
        "link": "http://lesinternets.arte.tv", 
        "date": "2013-08-16", 
        "offices": [
            1
        ], 
        "slug": "une-contre-histoire-des-internets"
    }
},
{
    "pk": 3, 
    "model": "jplusplus.project", 
    "fields": {
        "image": "projects/dw.png", 
        "order": 1, 
        "highlighted": true, 
        "link": "http://datawrapper.de", 
        "date": "2012-06-09", 
        "offices": [
            2
        ], 
        "slug": "datawrapper"
    }
},
{
    "pk": 4, 
    "model": "jplusplus.project", 
    "fields": {
        "image": "projects/spending-stories.png", 
        "order": 2, 
        "highlighted": true, 
        "link": "http://okf-spendingstories.herokuapp.com", 
        "date": "2013-11-13", 
        "offices": [
            1
        ], 
        "slug": "spending-stories4"
    }
},
{
    "pk": 5, 
    "model": "jplusplus.project", 
    "fields": {
        "image": "projects/spending-stories.png", 
        "order": 2, 
        "highlighted": false, 
        "link": "http://okf-spendingstories.herokuapp.com", 
        "date": "2013-11-13", 
        "offices": [
            1
        ], 
        "slug": "spending-stories5"
    }
},
{
    "pk": 6, 
    "model": "jplusplus.project", 
    "fields": {
        "image": "projects/spending-stories.png", 
        "order": 2, 
        "highlighted": false, 
        "link": "http://okf-spendingstories.herokuapp.com", 
        "date": "2013-11-13", 
        "offices": [
            1
        ], 
        "slug": "spending-stories6"
    }
},
{
    "pk": 7, 
    "model": "jplusplus.project", 
    "fields": {
        "image": "projects/spending-stories.png", 
        "order": 2, 
        "highlighted": true, 
        "link": "http://okf-spendingstories.herokuapp.com", 
        "date": "2013-11-13", 
        "offices": [
            1
        ], 
        "slug": "spending-stories7"
    }
},
{
    "pk": 8, 
    "model": "jplusplus.project", 
    "fields": {
        "image": "projects/spending-stories.png", 
        "order": 2, 
        "highlighted": false, 
        "link": "http://okf-spendingstories.herokuapp.com", 
        "date": "2013-11-13", 
        "offices": [
            1
        ], 
        "slug": "spending-stories8"
    }
},
{
    "pk": 9, 
    "model": "jplusplus.project", 
    "fields": {
        "image": "projects/spending-stories.png", 
        "order": 2, 
        "highlighted": false, 
        "link": "http://okf-spendingstories.herokuapp.com", 
        "date": "2013-11-13", 
        "offices": [
            1
        ], 
        "slug": "spending-stories9"
    }
},
{
    "pk": 8, 
    "model": "jplusplus.projectpluginmodel", 
    "fields": {
        "highlighted": false, 
        "offices": []
    }
},
{
    "pk": 11, 
    "model": "jplusplus.projectpluginmodel", 
    "fields": {
        "highlighted": false, 
        "offices": []
    }
},
{
    "pk": 31, 
    "model": "jplusplus.projectpluginmodel", 
    "fields": {
        "highlighted": false, 
        "offices": []
    }
},
{
    "pk": 35, 
    "model": "jplusplus.projectpluginmodel", 
    "fields": {
        "highlighted": false, 
        "offices": []
    }
},
{
    "pk": 46, 
    "model": "jplusplus.projectpluginmodel", 
    "fields": {
        "highlighted": false, 
        "offices": []
    }
},
{
    "pk": 54, 
    "model": "jplusplus.projectpluginmodel", 
    "fields": {
        "highlighted": false, 
        "offices": [
            1
        ]
    }
}
]
