[
{
    "pk": 1, 
    "model": "cms.usersettings", 
    "fields": {
        "clipboard": 1, 
        "user": [
            "root"
        ], 
        "language": "en"
    }
},
{
    "pk": 1, 
    "model": "cms.placeholder", 
    "fields": {
        "slot": "clipboard", 
        "default_width": null
    }
},
{
    "pk": 2, 
    "model": "cms.placeholder", 
    "fields": {
        "slot": "first-page", 
        "default_width": null
    }
},
{
    "pk": 3, 
    "model": "cms.placeholder", 
    "fields": {
        "slot": "body", 
        "default_width": null
    }
},
{
    "pk": 4, 
    "model": "cms.placeholder", 
    "fields": {
        "slot": "first-page", 
        "default_width": null
    }
},
{
    "pk": 5, 
    "model": "cms.placeholder", 
    "fields": {
        "slot": "body", 
        "default_width": null
    }
},
{
    "pk": 6, 
    "model": "cms.placeholder", 
    "fields": {
        "slot": "first-page", 
        "default_width": null
    }
},
{
    "pk": 7, 
    "model": "cms.placeholder", 
    "fields": {
        "slot": "body", 
        "default_width": null
    }
},
{
    "pk": 8, 
    "model": "cms.placeholder", 
    "fields": {
        "slot": "content", 
        "default_width": null
    }
},
{
    "pk": 9, 
    "model": "cms.placeholder", 
    "fields": {
        "slot": "first-page", 
        "default_width": null
    }
},
{
    "pk": 10, 
    "model": "cms.placeholder", 
    "fields": {
        "slot": "body", 
        "default_width": null
    }
},
{
    "pk": 11, 
    "model": "cms.placeholder", 
    "fields": {
        "slot": "content", 
        "default_width": null
    }
},
{
    "pk": 12, 
    "model": "cms.placeholder", 
    "fields": {
        "slot": "first-page", 
        "default_width": null
    }
},
{
    "pk": 13, 
    "model": "cms.placeholder", 
    "fields": {
        "slot": "body", 
        "default_width": null
    }
},
{
    "pk": 14, 
    "model": "cms.placeholder", 
    "fields": {
        "slot": "content", 
        "default_width": null
    }
},
{
    "pk": 15, 
    "model": "cms.placeholder", 
    "fields": {
        "slot": "content", 
        "default_width": null
    }
},
{
    "pk": 16, 
    "model": "cms.placeholder", 
    "fields": {
        "slot": "first-page", 
        "default_width": null
    }
},
{
    "pk": 17, 
    "model": "cms.placeholder", 
    "fields": {
        "slot": "body", 
        "default_width": null
    }
},
{
    "pk": 1, 
    "model": "cms.cmsplugin", 
    "fields": {
        "rght": 4, 
        "changed_date": "2014-04-25T14:59:39.265Z", 
        "parent": null, 
        "language": "en", 
        "level": 0, 
        "creation_date": "2014-04-25T14:59:36.062Z", 
        "lft": 1, 
        "tree_id": 1, 
        "position": 0, 
        "placeholder": 8, 
        "plugin_type": "StylePlugin"
    }
},
{
    "pk": 2, 
    "model": "cms.cmsplugin", 
    "fields": {
        "rght": 3, 
        "changed_date": "2014-04-25T14:59:56.733Z", 
        "parent": 1, 
        "language": "en", 
        "level": 1, 
        "creation_date": "2014-04-25T14:59:50.978Z", 
        "lft": 2, 
        "tree_id": 1, 
        "position": 0, 
        "placeholder": 8, 
        "plugin_type": "ProjectsPlugin"
    }
},
{
    "pk": 3, 
    "model": "cms.cmsplugin", 
    "fields": {
        "rght": 2, 
        "changed_date": "2014-04-25T15:00:47.660Z", 
        "parent": null, 
        "language": "en", 
        "level": 0, 
        "creation_date": "2014-04-25T15:00:15.911Z", 
        "lft": 1, 
        "tree_id": 2, 
        "position": 0, 
        "placeholder": 2, 
        "plugin_type": "TextPlugin"
    }
},
{
    "pk": 4, 
    "model": "cms.cmsplugin", 
    "fields": {
        "rght": 3, 
        "changed_date": "2014-04-25T15:10:43.760Z", 
        "parent": 5, 
        "language": "en", 
        "level": 1, 
        "creation_date": "2014-04-25T15:01:03.213Z", 
        "lft": 2, 
        "tree_id": 4, 
        "position": 0, 
        "placeholder": 3, 
        "plugin_type": "TitlePlugin"
    }
},
{
    "pk": 5, 
    "model": "cms.cmsplugin", 
    "fields": {
        "rght": 14, 
        "changed_date": "2014-04-25T15:02:56.589Z", 
        "parent": null, 
        "language": "en", 
        "level": 0, 
        "creation_date": "2014-04-25T15:02:53.605Z", 
        "lft": 1, 
        "tree_id": 4, 
        "position": 1, 
        "placeholder": 3, 
        "plugin_type": "StylePlugin"
    }
},
{
    "pk": 6, 
    "model": "cms.cmsplugin", 
    "fields": {
        "rght": 5, 
        "changed_date": "2014-04-25T15:10:43.781Z", 
        "parent": 5, 
        "language": "en", 
        "level": 1, 
        "creation_date": "2014-04-25T15:03:49.366Z", 
        "lft": 4, 
        "tree_id": 4, 
        "position": 1, 
        "placeholder": 3, 
        "plugin_type": "TitlePlugin"
    }
},
{
    "pk": 7, 
    "model": "cms.cmsplugin", 
    "fields": {
        "rght": 7, 
        "changed_date": "2014-04-25T15:10:43.789Z", 
        "parent": 5, 
        "language": "en", 
        "level": 1, 
        "creation_date": "2014-04-25T15:04:21.056Z", 
        "lft": 6, 
        "tree_id": 4, 
        "position": 2, 
        "placeholder": 3, 
        "plugin_type": "ProjectsPlugin"
    }
},
{
    "pk": 8, 
    "model": "cms.cmsplugin", 
    "fields": {
        "rght": 4, 
        "changed_date": "2014-04-25T15:05:22.188Z", 
        "parent": null, 
        "language": "en", 
        "level": 0, 
        "creation_date": "2014-04-25T14:59:36.062Z", 
        "lft": 1, 
        "tree_id": 6, 
        "position": 0, 
        "placeholder": 11, 
        "plugin_type": "StylePlugin"
    }
},
{
    "pk": 9, 
    "model": "cms.cmsplugin", 
    "fields": {
        "rght": 3, 
        "changed_date": "2014-04-25T15:05:22.206Z", 
        "parent": 8, 
        "language": "en", 
        "level": 1, 
        "creation_date": "2014-04-25T14:59:50.978Z", 
        "lft": 2, 
        "tree_id": 6, 
        "position": 0, 
        "placeholder": 11, 
        "plugin_type": "ProjectsPlugin"
    }
},
{
    "pk": 15, 
    "model": "cms.cmsplugin", 
    "fields": {
        "rght": 9, 
        "changed_date": "2014-04-25T15:10:43.794Z", 
        "parent": 5, 
        "language": "en", 
        "level": 1, 
        "creation_date": "2014-04-25T15:06:05.326Z", 
        "lft": 8, 
        "tree_id": 4, 
        "position": 3, 
        "placeholder": 3, 
        "plugin_type": "TitlePlugin"
    }
},
{
    "pk": 16, 
    "model": "cms.cmsplugin", 
    "fields": {
        "rght": 11, 
        "changed_date": "2014-04-25T15:10:43.802Z", 
        "parent": 5, 
        "language": "en", 
        "level": 1, 
        "creation_date": "2014-04-25T15:06:25.275Z", 
        "lft": 10, 
        "tree_id": 4, 
        "position": 5, 
        "placeholder": 3, 
        "plugin_type": "TitlePlugin"
    }
},
{
    "pk": 17, 
    "model": "cms.cmsplugin", 
    "fields": {
        "rght": 2, 
        "changed_date": "2014-04-25T15:06:43.217Z", 
        "parent": null, 
        "language": "en", 
        "level": 0, 
        "creation_date": "2014-04-25T15:06:41.245Z", 
        "lft": 1, 
        "tree_id": 10, 
        "position": 6, 
        "placeholder": 3, 
        "plugin_type": "ContactPlugin"
    }
},
{
    "pk": 18, 
    "model": "cms.cmsplugin", 
    "fields": {
        "rght": 13, 
        "changed_date": "2014-04-25T15:10:43.809Z", 
        "parent": 5, 
        "language": "en", 
        "level": 1, 
        "creation_date": "2014-04-25T15:10:21.692Z", 
        "lft": 12, 
        "tree_id": 4, 
        "position": 4, 
        "placeholder": 3, 
        "plugin_type": "LinkPlugin"
    }
},
{
    "pk": 28, 
    "model": "cms.cmsplugin", 
    "fields": {
        "rght": 3, 
        "changed_date": "2014-04-25T15:12:19.225Z", 
        "parent": 29, 
        "language": "en", 
        "level": 1, 
        "creation_date": "2014-04-25T15:11:38.412Z", 
        "lft": 2, 
        "tree_id": 15, 
        "position": 1, 
        "placeholder": 14, 
        "plugin_type": "ProjectsPlugin"
    }
},
{
    "pk": 29, 
    "model": "cms.cmsplugin", 
    "fields": {
        "rght": 6, 
        "changed_date": "2014-04-25T15:11:56.712Z", 
        "parent": null, 
        "language": "en", 
        "level": 0, 
        "creation_date": "2014-04-25T15:11:47.813Z", 
        "lft": 1, 
        "tree_id": 15, 
        "position": 0, 
        "placeholder": 14, 
        "plugin_type": "StylePlugin"
    }
},
{
    "pk": 30, 
    "model": "cms.cmsplugin", 
    "fields": {
        "rght": 5, 
        "changed_date": "2014-04-25T15:12:19.233Z", 
        "parent": 29, 
        "language": "en", 
        "level": 1, 
        "creation_date": "2014-04-25T15:12:07.945Z", 
        "lft": 4, 
        "tree_id": 15, 
        "position": 0, 
        "placeholder": 14, 
        "plugin_type": "TitlePlugin"
    }
},
{
    "pk": 31, 
    "model": "cms.cmsplugin", 
    "fields": {
        "rght": 6, 
        "changed_date": "2014-04-25T15:12:21.978Z", 
        "parent": null, 
        "language": "en", 
        "level": 0, 
        "creation_date": "2014-04-25T15:11:47.813Z", 
        "lft": 1, 
        "tree_id": 16, 
        "position": 0, 
        "placeholder": 15, 
        "plugin_type": "StylePlugin"
    }
},
{
    "pk": 32, 
    "model": "cms.cmsplugin", 
    "fields": {
        "rght": 3, 
        "changed_date": "2014-04-25T15:12:21.990Z", 
        "parent": 31, 
        "language": "en", 
        "level": 1, 
        "creation_date": "2014-04-25T15:11:38.412Z", 
        "lft": 2, 
        "tree_id": 16, 
        "position": 1, 
        "placeholder": 15, 
        "plugin_type": "ProjectsPlugin"
    }
},
{
    "pk": 33, 
    "model": "cms.cmsplugin", 
    "fields": {
        "rght": 5, 
        "changed_date": "2014-04-25T15:12:22.003Z", 
        "parent": 31, 
        "language": "en", 
        "level": 1, 
        "creation_date": "2014-04-25T15:12:07.945Z", 
        "lft": 4, 
        "tree_id": 16, 
        "position": 0, 
        "placeholder": 15, 
        "plugin_type": "TitlePlugin"
    }
},
{
    "pk": 34, 
    "model": "cms.cmsplugin", 
    "fields": {
        "rght": 2, 
        "changed_date": "2014-04-25T15:13:34.402Z", 
        "parent": null, 
        "language": "fr", 
        "level": 0, 
        "creation_date": "2014-04-25T15:00:15.911Z", 
        "lft": 1, 
        "tree_id": 17, 
        "position": 0, 
        "placeholder": 2, 
        "plugin_type": "TextPlugin"
    }
},
{
    "pk": 35, 
    "model": "cms.cmsplugin", 
    "fields": {
        "rght": 14, 
        "changed_date": "2014-04-25T15:21:41.194Z", 
        "parent": null, 
        "language": "fr", 
        "level": 0, 
        "creation_date": "2014-04-25T15:02:53.605Z", 
        "lft": 1, 
        "tree_id": 18, 
        "position": 1, 
        "placeholder": 3, 
        "plugin_type": "StylePlugin"
    }
},
{
    "pk": 36, 
    "model": "cms.cmsplugin", 
    "fields": {
        "rght": 3, 
        "changed_date": "2014-04-25T15:14:35.324Z", 
        "parent": 35, 
        "language": "fr", 
        "level": 1, 
        "creation_date": "2014-04-25T15:01:03.213Z", 
        "lft": 2, 
        "tree_id": 18, 
        "position": 0, 
        "placeholder": 3, 
        "plugin_type": "TitlePlugin"
    }
},
{
    "pk": 37, 
    "model": "cms.cmsplugin", 
    "fields": {
        "rght": 5, 
        "changed_date": "2014-04-25T15:14:35.333Z", 
        "parent": 35, 
        "language": "fr", 
        "level": 1, 
        "creation_date": "2014-04-25T15:03:49.366Z", 
        "lft": 4, 
        "tree_id": 18, 
        "position": 1, 
        "placeholder": 3, 
        "plugin_type": "TitlePlugin"
    }
},
{
    "pk": 38, 
    "model": "cms.cmsplugin", 
    "fields": {
        "rght": 7, 
        "changed_date": "2014-04-25T15:14:35.342Z", 
        "parent": 35, 
        "language": "fr", 
        "level": 1, 
        "creation_date": "2014-04-25T15:04:21.056Z", 
        "lft": 6, 
        "tree_id": 18, 
        "position": 2, 
        "placeholder": 3, 
        "plugin_type": "ProjectsPlugin"
    }
},
{
    "pk": 39, 
    "model": "cms.cmsplugin", 
    "fields": {
        "rght": 9, 
        "changed_date": "2014-04-25T15:14:35.353Z", 
        "parent": 35, 
        "language": "fr", 
        "level": 1, 
        "creation_date": "2014-04-25T15:06:05.326Z", 
        "lft": 8, 
        "tree_id": 18, 
        "position": 3, 
        "placeholder": 3, 
        "plugin_type": "TitlePlugin"
    }
},
{
    "pk": 40, 
    "model": "cms.cmsplugin", 
    "fields": {
        "rght": 11, 
        "changed_date": "2014-04-25T15:14:35.363Z", 
        "parent": 35, 
        "language": "fr", 
        "level": 1, 
        "creation_date": "2014-04-25T15:10:21.692Z", 
        "lft": 10, 
        "tree_id": 18, 
        "position": 4, 
        "placeholder": 3, 
        "plugin_type": "LinkPlugin"
    }
},
{
    "pk": 41, 
    "model": "cms.cmsplugin", 
    "fields": {
        "rght": 13, 
        "changed_date": "2014-04-25T15:14:35.374Z", 
        "parent": 35, 
        "language": "fr", 
        "level": 1, 
        "creation_date": "2014-04-25T15:06:25.275Z", 
        "lft": 12, 
        "tree_id": 18, 
        "position": 5, 
        "placeholder": 3, 
        "plugin_type": "TitlePlugin"
    }
},
{
    "pk": 42, 
    "model": "cms.cmsplugin", 
    "fields": {
        "rght": 2, 
        "changed_date": "2014-04-25T15:14:35.383Z", 
        "parent": null, 
        "language": "fr", 
        "level": 0, 
        "creation_date": "2014-04-25T15:06:41.245Z", 
        "lft": 1, 
        "tree_id": 19, 
        "position": 6, 
        "placeholder": 3, 
        "plugin_type": "ContactPlugin"
    }
},
{
    "pk": 43, 
    "model": "cms.cmsplugin", 
    "fields": {
        "rght": 2, 
        "changed_date": "2014-04-25T15:21:45.526Z", 
        "parent": null, 
        "language": "fr", 
        "level": 0, 
        "creation_date": "2014-04-25T15:00:15.911Z", 
        "lft": 1, 
        "tree_id": 20, 
        "position": 0, 
        "placeholder": 4, 
        "plugin_type": "TextPlugin"
    }
},
{
    "pk": 44, 
    "model": "cms.cmsplugin", 
    "fields": {
        "rght": 14, 
        "changed_date": "2014-04-25T15:21:45.537Z", 
        "parent": null, 
        "language": "fr", 
        "level": 0, 
        "creation_date": "2014-04-25T15:02:53.605Z", 
        "lft": 1, 
        "tree_id": 21, 
        "position": 1, 
        "placeholder": 5, 
        "plugin_type": "StylePlugin"
    }
},
{
    "pk": 45, 
    "model": "cms.cmsplugin", 
    "fields": {
        "rght": 3, 
        "changed_date": "2014-04-25T15:21:45.546Z", 
        "parent": 44, 
        "language": "fr", 
        "level": 1, 
        "creation_date": "2014-04-25T15:01:03.213Z", 
        "lft": 2, 
        "tree_id": 21, 
        "position": 0, 
        "placeholder": 5, 
        "plugin_type": "TitlePlugin"
    }
},
{
    "pk": 46, 
    "model": "cms.cmsplugin", 
    "fields": {
        "rght": 5, 
        "changed_date": "2014-04-25T15:21:45.554Z", 
        "parent": 44, 
        "language": "fr", 
        "level": 1, 
        "creation_date": "2014-04-25T15:03:49.366Z", 
        "lft": 4, 
        "tree_id": 21, 
        "position": 1, 
        "placeholder": 5, 
        "plugin_type": "TitlePlugin"
    }
},
{
    "pk": 47, 
    "model": "cms.cmsplugin", 
    "fields": {
        "rght": 7, 
        "changed_date": "2014-04-25T15:21:45.564Z", 
        "parent": 44, 
        "language": "fr", 
        "level": 1, 
        "creation_date": "2014-04-25T15:04:21.056Z", 
        "lft": 6, 
        "tree_id": 21, 
        "position": 2, 
        "placeholder": 5, 
        "plugin_type": "ProjectsPlugin"
    }
},
{
    "pk": 48, 
    "model": "cms.cmsplugin", 
    "fields": {
        "rght": 9, 
        "changed_date": "2014-04-25T15:21:45.576Z", 
        "parent": 44, 
        "language": "fr", 
        "level": 1, 
        "creation_date": "2014-04-25T15:06:05.326Z", 
        "lft": 8, 
        "tree_id": 21, 
        "position": 3, 
        "placeholder": 5, 
        "plugin_type": "TitlePlugin"
    }
},
{
    "pk": 49, 
    "model": "cms.cmsplugin", 
    "fields": {
        "rght": 11, 
        "changed_date": "2014-04-25T15:21:45.586Z", 
        "parent": 44, 
        "language": "fr", 
        "level": 1, 
        "creation_date": "2014-04-25T15:10:21.692Z", 
        "lft": 10, 
        "tree_id": 21, 
        "position": 4, 
        "placeholder": 5, 
        "plugin_type": "LinkPlugin"
    }
},
{
    "pk": 50, 
    "model": "cms.cmsplugin", 
    "fields": {
        "rght": 13, 
        "changed_date": "2014-04-25T15:21:45.595Z", 
        "parent": 44, 
        "language": "fr", 
        "level": 1, 
        "creation_date": "2014-04-25T15:06:25.275Z", 
        "lft": 12, 
        "tree_id": 21, 
        "position": 5, 
        "placeholder": 5, 
        "plugin_type": "TitlePlugin"
    }
},
{
    "pk": 51, 
    "model": "cms.cmsplugin", 
    "fields": {
        "rght": 2, 
        "changed_date": "2014-04-25T15:21:45.602Z", 
        "parent": null, 
        "language": "fr", 
        "level": 0, 
        "creation_date": "2014-04-25T15:06:41.245Z", 
        "lft": 1, 
        "tree_id": 22, 
        "position": 6, 
        "placeholder": 5, 
        "plugin_type": "ContactPlugin"
    }
},
{
    "pk": 52, 
    "model": "cms.cmsplugin", 
    "fields": {
        "rght": 2, 
        "changed_date": "2014-04-25T15:30:21.481Z", 
        "parent": null, 
        "language": "en", 
        "level": 0, 
        "creation_date": "2014-04-25T15:00:15.911Z", 
        "lft": 1, 
        "tree_id": 23, 
        "position": 0, 
        "placeholder": 4, 
        "plugin_type": "TextPlugin"
    }
},
{
    "pk": 53, 
    "model": "cms.cmsplugin", 
    "fields": {
        "rght": 14, 
        "changed_date": "2014-04-25T15:30:21.491Z", 
        "parent": null, 
        "language": "en", 
        "level": 0, 
        "creation_date": "2014-04-25T15:02:53.605Z", 
        "lft": 1, 
        "tree_id": 24, 
        "position": 1, 
        "placeholder": 5, 
        "plugin_type": "StylePlugin"
    }
},
{
    "pk": 54, 
    "model": "cms.cmsplugin", 
    "fields": {
        "rght": 3, 
        "changed_date": "2014-04-25T15:30:21.502Z", 
        "parent": 53, 
        "language": "en", 
        "level": 1, 
        "creation_date": "2014-04-25T15:01:03.213Z", 
        "lft": 2, 
        "tree_id": 24, 
        "position": 0, 
        "placeholder": 5, 
        "plugin_type": "TitlePlugin"
    }
},
{
    "pk": 55, 
    "model": "cms.cmsplugin", 
    "fields": {
        "rght": 5, 
        "changed_date": "2014-04-25T15:30:21.517Z", 
        "parent": 53, 
        "language": "en", 
        "level": 1, 
        "creation_date": "2014-04-25T15:03:49.366Z", 
        "lft": 4, 
        "tree_id": 24, 
        "position": 1, 
        "placeholder": 5, 
        "plugin_type": "TitlePlugin"
    }
},
{
    "pk": 56, 
    "model": "cms.cmsplugin", 
    "fields": {
        "rght": 7, 
        "changed_date": "2014-04-25T15:30:21.526Z", 
        "parent": 53, 
        "language": "en", 
        "level": 1, 
        "creation_date": "2014-04-25T15:04:21.056Z", 
        "lft": 6, 
        "tree_id": 24, 
        "position": 2, 
        "placeholder": 5, 
        "plugin_type": "ProjectsPlugin"
    }
},
{
    "pk": 57, 
    "model": "cms.cmsplugin", 
    "fields": {
        "rght": 9, 
        "changed_date": "2014-04-25T15:30:21.537Z", 
        "parent": 53, 
        "language": "en", 
        "level": 1, 
        "creation_date": "2014-04-25T15:06:05.326Z", 
        "lft": 8, 
        "tree_id": 24, 
        "position": 3, 
        "placeholder": 5, 
        "plugin_type": "TitlePlugin"
    }
},
{
    "pk": 58, 
    "model": "cms.cmsplugin", 
    "fields": {
        "rght": 11, 
        "changed_date": "2014-04-25T15:30:21.546Z", 
        "parent": 53, 
        "language": "en", 
        "level": 1, 
        "creation_date": "2014-04-25T15:06:25.275Z", 
        "lft": 10, 
        "tree_id": 24, 
        "position": 5, 
        "placeholder": 5, 
        "plugin_type": "TitlePlugin"
    }
},
{
    "pk": 59, 
    "model": "cms.cmsplugin", 
    "fields": {
        "rght": 13, 
        "changed_date": "2014-04-25T15:30:21.555Z", 
        "parent": 53, 
        "language": "en", 
        "level": 1, 
        "creation_date": "2014-04-25T15:10:21.692Z", 
        "lft": 12, 
        "tree_id": 24, 
        "position": 4, 
        "placeholder": 5, 
        "plugin_type": "LinkPlugin"
    }
},
{
    "pk": 60, 
    "model": "cms.cmsplugin", 
    "fields": {
        "rght": 2, 
        "changed_date": "2014-04-25T15:30:21.561Z", 
        "parent": null, 
        "language": "en", 
        "level": 0, 
        "creation_date": "2014-04-25T15:06:41.245Z", 
        "lft": 1, 
        "tree_id": 25, 
        "position": 6, 
        "placeholder": 5, 
        "plugin_type": "ContactPlugin"
    }
},
{
    "pk": 1, 
    "model": "cms.page", 
    "fields": {
        "rght": 4, 
        "navigation_extenders": "", 
        "site": 1, 
        "application_namespace": null, 
        "lft": 1, 
        "in_navigation": true, 
        "reverse_id": null, 
        "login_required": false, 
        "created_by": "root", 
        "languages": "en,fr", 
        "publication_end_date": null, 
        "template": "home.html", 
        "tree_id": 1, 
        "placeholders": [
            2, 
            3
        ], 
        "changed_date": "2014-04-25T15:30:21.727Z", 
        "limit_visibility_in_menu": null, 
        "parent": null, 
        "soft_root": false, 
        "is_home": true, 
        "publication_date": "2014-04-25T14:58:25.216Z", 
        "creation_date": "2014-04-25T14:58:25.173Z", 
        "publisher_public": 2, 
        "level": 0, 
        "changed_by": "root", 
        "application_urls": "JppHook", 
        "publisher_is_draft": true, 
        "xframe_options": 0, 
        "revision_id": 0
    }
},
{
    "pk": 2, 
    "model": "cms.page", 
    "fields": {
        "rght": 4, 
        "navigation_extenders": "", 
        "site": 1, 
        "application_namespace": null, 
        "lft": 1, 
        "in_navigation": true, 
        "reverse_id": null, 
        "login_required": false, 
        "created_by": "root", 
        "languages": "en,fr", 
        "publication_end_date": null, 
        "template": "home.html", 
        "tree_id": 2, 
        "placeholders": [
            4, 
            5
        ], 
        "changed_date": "2014-04-25T15:30:21.597Z", 
        "limit_visibility_in_menu": null, 
        "parent": null, 
        "soft_root": false, 
        "is_home": true, 
        "publication_date": "2014-04-25T14:58:25.216Z", 
        "creation_date": "2014-04-25T14:58:25.220Z", 
        "publisher_public": 1, 
        "level": 0, 
        "changed_by": "root", 
        "application_urls": "JppHook", 
        "publisher_is_draft": false, 
        "xframe_options": 0, 
        "revision_id": 0
    }
},
{
    "pk": 3, 
    "model": "cms.page", 
    "fields": {
        "rght": 3, 
        "navigation_extenders": null, 
        "site": 1, 
        "application_namespace": null, 
        "lft": 2, 
        "in_navigation": true, 
        "reverse_id": null, 
        "login_required": false, 
        "created_by": "root", 
        "languages": "en", 
        "publication_end_date": null, 
        "template": "page_with_header.html", 
        "tree_id": 1, 
        "placeholders": [
            6, 
            7, 
            8
        ], 
        "changed_date": "2014-04-25T15:05:22.298Z", 
        "limit_visibility_in_menu": null, 
        "parent": 1, 
        "soft_root": false, 
        "is_home": false, 
        "publication_date": "2014-04-25T15:05:22.128Z", 
        "creation_date": "2014-04-25T14:58:51.316Z", 
        "publisher_public": 5, 
        "level": 1, 
        "changed_by": "root", 
        "application_urls": null, 
        "publisher_is_draft": true, 
        "xframe_options": 0, 
        "revision_id": 0
    }
},
{
    "pk": 4, 
    "model": "cms.page", 
    "fields": {
        "rght": 2, 
        "navigation_extenders": null, 
        "site": 1, 
        "application_namespace": null, 
        "lft": 1, 
        "in_navigation": true, 
        "reverse_id": null, 
        "login_required": false, 
        "created_by": "root", 
        "languages": "en", 
        "publication_end_date": null, 
        "template": "chapter.html", 
        "tree_id": 3, 
        "placeholders": [
            9, 
            10, 
            14
        ], 
        "changed_date": "2014-04-25T15:12:22.110Z", 
        "limit_visibility_in_menu": null, 
        "parent": null, 
        "soft_root": false, 
        "is_home": false, 
        "publication_date": "2014-04-25T15:12:21.891Z", 
        "creation_date": "2014-04-25T15:04:54.904Z", 
        "publisher_public": 6, 
        "level": 0, 
        "changed_by": "root", 
        "application_urls": null, 
        "publisher_is_draft": true, 
        "xframe_options": 0, 
        "revision_id": 0
    }
},
{
    "pk": 5, 
    "model": "cms.page", 
    "fields": {
        "rght": 3, 
        "navigation_extenders": null, 
        "site": 1, 
        "application_namespace": null, 
        "lft": 2, 
        "in_navigation": true, 
        "reverse_id": null, 
        "login_required": false, 
        "created_by": "root", 
        "languages": "en", 
        "publication_end_date": null, 
        "template": "page_with_header.html", 
        "tree_id": 2, 
        "placeholders": [
            11, 
            12, 
            13
        ], 
        "changed_date": "2014-04-25T15:05:22.233Z", 
        "limit_visibility_in_menu": null, 
        "parent": 2, 
        "soft_root": false, 
        "is_home": false, 
        "publication_date": "2014-04-25T15:05:22.128Z", 
        "creation_date": "2014-04-25T15:05:22.140Z", 
        "publisher_public": 3, 
        "level": 1, 
        "changed_by": "root", 
        "application_urls": null, 
        "publisher_is_draft": false, 
        "xframe_options": 0, 
        "revision_id": 0
    }
},
{
    "pk": 6, 
    "model": "cms.page", 
    "fields": {
        "rght": 2, 
        "navigation_extenders": null, 
        "site": 1, 
        "application_namespace": null, 
        "lft": 1, 
        "in_navigation": true, 
        "reverse_id": null, 
        "login_required": false, 
        "created_by": "root", 
        "languages": "en", 
        "publication_end_date": null, 
        "template": "chapter.html", 
        "tree_id": 4, 
        "placeholders": [
            15, 
            16, 
            17
        ], 
        "changed_date": "2014-04-25T15:12:22.015Z", 
        "limit_visibility_in_menu": null, 
        "parent": null, 
        "soft_root": false, 
        "is_home": false, 
        "publication_date": "2014-04-25T15:12:21.891Z", 
        "creation_date": "2014-04-25T15:12:21.902Z", 
        "publisher_public": 4, 
        "level": 0, 
        "changed_by": "root", 
        "application_urls": null, 
        "publisher_is_draft": false, 
        "xframe_options": 0, 
        "revision_id": 0
    }
},
{
    "pk": 1, 
    "model": "cms.title", 
    "fields": {
        "menu_title": "", 
        "meta_description": "", 
        "page_title": "", 
        "language": "en", 
        "title": "Home", 
        "has_url_overwrite": false, 
        "redirect": "", 
        "publisher_is_draft": true, 
        "page": 1, 
        "published": true, 
        "path": "", 
        "publisher_state": 0, 
        "creation_date": "2014-04-25T14:58:25.208Z", 
        "slug": "home", 
        "publisher_public": 2
    }
},
{
    "pk": 2, 
    "model": "cms.title", 
    "fields": {
        "menu_title": "", 
        "meta_description": "", 
        "page_title": "", 
        "language": "en", 
        "title": "Home", 
        "has_url_overwrite": false, 
        "redirect": "", 
        "publisher_is_draft": false, 
        "page": 2, 
        "published": true, 
        "path": "", 
        "publisher_state": 1, 
        "creation_date": "2014-04-25T14:58:25.208Z", 
        "slug": "home", 
        "publisher_public": 1
    }
},
{
    "pk": 3, 
    "model": "cms.title", 
    "fields": {
        "menu_title": "", 
        "meta_description": "", 
        "page_title": "", 
        "language": "en", 
        "title": "Projects", 
        "has_url_overwrite": false, 
        "redirect": null, 
        "publisher_is_draft": true, 
        "page": 3, 
        "published": true, 
        "path": "projects", 
        "publisher_state": 0, 
        "creation_date": "2014-04-25T14:58:51.331Z", 
        "slug": "projects", 
        "publisher_public": 5
    }
},
{
    "pk": 4, 
    "model": "cms.title", 
    "fields": {
        "menu_title": "", 
        "meta_description": "", 
        "page_title": "", 
        "language": "en", 
        "title": "Paris/Berlin", 
        "has_url_overwrite": false, 
        "redirect": null, 
        "publisher_is_draft": true, 
        "page": 4, 
        "published": true, 
        "path": "paris-berlin", 
        "publisher_state": 0, 
        "creation_date": "2014-04-25T15:04:54.941Z", 
        "slug": "paris-berlin", 
        "publisher_public": 6
    }
},
{
    "pk": 5, 
    "model": "cms.title", 
    "fields": {
        "menu_title": "", 
        "meta_description": "", 
        "page_title": "", 
        "language": "en", 
        "title": "Projects", 
        "has_url_overwrite": false, 
        "redirect": null, 
        "publisher_is_draft": false, 
        "page": 5, 
        "published": true, 
        "path": "projects", 
        "publisher_state": 1, 
        "creation_date": "2014-04-25T14:58:51.331Z", 
        "slug": "projects", 
        "publisher_public": 3
    }
},
{
    "pk": 6, 
    "model": "cms.title", 
    "fields": {
        "menu_title": "", 
        "meta_description": "", 
        "page_title": "", 
        "language": "en", 
        "title": "Paris/Berlin", 
        "has_url_overwrite": false, 
        "redirect": null, 
        "publisher_is_draft": false, 
        "page": 6, 
        "published": true, 
        "path": "paris-berlin", 
        "publisher_state": 1, 
        "creation_date": "2014-04-25T15:04:54.941Z", 
        "slug": "paris-berlin", 
        "publisher_public": 4
    }
},
{
    "pk": 7, 
    "model": "cms.title", 
    "fields": {
        "menu_title": "", 
        "meta_description": "", 
        "page_title": "", 
        "language": "fr", 
        "title": "Journalism++", 
        "has_url_overwrite": false, 
        "redirect": null, 
        "publisher_is_draft": true, 
        "page": 1, 
        "published": true, 
        "path": "", 
        "publisher_state": 1, 
        "creation_date": "2014-04-25T15:13:17.313Z", 
        "slug": "journalism", 
        "publisher_public": 8
    }
},
{
    "pk": 8, 
    "model": "cms.title", 
    "fields": {
        "menu_title": "", 
        "meta_description": "", 
        "page_title": "", 
        "language": "fr", 
        "title": "Journalism++", 
        "has_url_overwrite": false, 
        "redirect": null, 
        "publisher_is_draft": false, 
        "page": 2, 
        "published": true, 
        "path": "", 
        "publisher_state": 1, 
        "creation_date": "2014-04-25T15:13:17.313Z", 
        "slug": "journalism", 
        "publisher_public": 7
    }
},
{
    "pk": 1, 
    "model": "djangocms_style.style", 
    "fields": {
        "additional_classes": "", 
        "margin_right": null, 
        "class_name": "container", 
        "padding_bottom": null, 
        "margin_left": null, 
        "padding_right": null, 
        "margin_top": null, 
        "padding_left": null, 
        "padding_top": null, 
        "margin_bottom": null, 
        "tag_type": "div"
    }
},
{
    "pk": 5, 
    "model": "djangocms_style.style", 
    "fields": {
        "additional_classes": "", 
        "margin_right": null, 
        "class_name": "container", 
        "padding_bottom": null, 
        "margin_left": null, 
        "padding_right": null, 
        "margin_top": null, 
        "padding_left": null, 
        "padding_top": null, 
        "margin_bottom": null, 
        "tag_type": "div"
    }
},
{
    "pk": 8, 
    "model": "djangocms_style.style", 
    "fields": {
        "additional_classes": "", 
        "margin_right": null, 
        "class_name": "container", 
        "padding_bottom": null, 
        "margin_left": null, 
        "padding_right": null, 
        "margin_top": null, 
        "padding_left": null, 
        "padding_top": null, 
        "margin_bottom": null, 
        "tag_type": "div"
    }
},
{
    "pk": 29, 
    "model": "djangocms_style.style", 
    "fields": {
        "additional_classes": "", 
        "margin_right": null, 
        "class_name": "container", 
        "padding_bottom": null, 
        "margin_left": null, 
        "padding_right": null, 
        "margin_top": null, 
        "padding_left": null, 
        "padding_top": null, 
        "margin_bottom": null, 
        "tag_type": "div"
    }
},
{
    "pk": 31, 
    "model": "djangocms_style.style", 
    "fields": {
        "additional_classes": "", 
        "margin_right": null, 
        "class_name": "container", 
        "padding_bottom": null, 
        "margin_left": null, 
        "padding_right": null, 
        "margin_top": null, 
        "padding_left": null, 
        "padding_top": null, 
        "margin_bottom": null, 
        "tag_type": "div"
    }
},
{
    "pk": 35, 
    "model": "djangocms_style.style", 
    "fields": {
        "additional_classes": "", 
        "margin_right": null, 
        "class_name": "container", 
        "padding_bottom": null, 
        "margin_left": null, 
        "padding_right": null, 
        "margin_top": null, 
        "padding_left": null, 
        "padding_top": null, 
        "margin_bottom": null, 
        "tag_type": "div"
    }
},
{
    "pk": 44, 
    "model": "djangocms_style.style", 
    "fields": {
        "additional_classes": "", 
        "margin_right": null, 
        "class_name": "container", 
        "padding_bottom": null, 
        "margin_left": null, 
        "padding_right": null, 
        "margin_top": null, 
        "padding_left": null, 
        "padding_top": null, 
        "margin_bottom": null, 
        "tag_type": "div"
    }
},
{
    "pk": 53, 
    "model": "djangocms_style.style", 
    "fields": {
        "additional_classes": "", 
        "margin_right": null, 
        "class_name": "container", 
        "padding_bottom": null, 
        "margin_left": null, 
        "padding_right": null, 
        "margin_top": null, 
        "padding_left": null, 
        "padding_top": null, 
        "margin_bottom": null, 
        "tag_type": "div"
    }
},
{
    "pk": 1, 
    "model": "taggit.tag", 
    "fields": {
        "name": "evangelize", 
        "slug": "evangelize"
    }
},
{
    "pk": 2, 
    "model": "taggit.tag", 
    "fields": {
        "name": "code-apps", 
        "slug": "code-apps"
    }
},
{
    "pk": 3, 
    "model": "taggit.tag", 
    "fields": {
        "name": "consulting", 
        "slug": "consulting"
    }
},
{
    "pk": 4, 
    "model": "taggit.tag", 
    "fields": {
        "name": "investigate", 
        "slug": "investigate"
    }
},
{
    "pk": 1, 
    "model": "taggit.taggeditem", 
    "fields": {
        "tag": 1, 
        "content_type": [
            "jplusplus", 
            "project"
        ], 
        "object_id": 1
    }
},
{
    "pk": 2, 
    "model": "taggit.taggeditem", 
    "fields": {
        "tag": 2, 
        "content_type": [
            "jplusplus", 
            "project"
        ], 
        "object_id": 1
    }
},
{
    "pk": 3, 
    "model": "taggit.taggeditem", 
    "fields": {
        "tag": 3, 
        "content_type": [
            "jplusplus", 
            "project"
        ], 
        "object_id": 1
    }
},
{
    "pk": 4, 
    "model": "taggit.taggeditem", 
    "fields": {
        "tag": 4, 
        "content_type": [
            "jplusplus", 
            "project"
        ], 
        "object_id": 1
    }
},
{
    "pk": 3, 
    "model": "djangocms_text_ckeditor.text", 
    "fields": {
        "body": "<p>is an agency for</p>\n\n<p><strong>DATA-DRIVEN</strong> STORYTELLING</p>\n"
    }
},
{
    "pk": 34, 
    "model": "djangocms_text_ckeditor.text", 
    "fields": {
        "body": "<p>is an agency for</p>\n\n<p><strong>DATA-DRIVEN</strong> STORYTELLING</p>\n"
    }
},
{
    "pk": 43, 
    "model": "djangocms_text_ckeditor.text", 
    "fields": {
        "body": "<p>is an agency for</p>\n\n<p><strong>DATA-DRIVEN</strong> STORYTELLING</p>\n"
    }
},
{
    "pk": 52, 
    "model": "djangocms_text_ckeditor.text", 
    "fields": {
        "body": "<p>is an agency for</p>\n\n<p><strong>DATA-DRIVEN</strong> STORYTELLING</p>\n"
    }
},
{
    "pk": 18, 
    "model": "djangocms_link.link", 
    "fields": {
        "mailto": "", 
        "target": "", 
        "url": "", 
        "page_link": 4, 
        "phone": "", 
        "name": "paris/berlin"
    }
},
{
    "pk": 40, 
    "model": "djangocms_link.link", 
    "fields": {
        "mailto": "", 
        "target": "", 
        "url": "", 
        "page_link": 4, 
        "phone": "", 
        "name": "paris/berlin"
    }
},
{
    "pk": 49, 
    "model": "djangocms_link.link", 
    "fields": {
        "mailto": "", 
        "target": "", 
        "url": "", 
        "page_link": 4, 
        "phone": "", 
        "name": "paris/berlin"
    }
},
{
    "pk": 59, 
    "model": "djangocms_link.link", 
    "fields": {
        "mailto": "", 
        "target": "", 
        "url": "", 
        "page_link": 4, 
        "phone": "", 
        "name": "paris/berlin"
    }
},
{
    "pk": 1, 
    "model": "jplusplus.office", 
    "fields": {
        "page_link": 4, 
        "slug": "paris-berlin", 
        "title": "Paris/Berlin"
    }
},
{
    "pk": 1, 
    "model": "jplusplus.projecttranslation", 
    "fields": {
        "language_code": "en", 
        "client": "", 
        "master": 1, 
        "description": "<p>Spending Stories</p>\r\n", 
        "title": "Spending Stories"
    }
},
{
    "pk": 1, 
    "model": "jplusplus.project", 
    "fields": {
        "image": "projects/spending-stories_1.png", 
        "order": 1, 
        "highlighted": true, 
        "link": "http://okf-spendingstories.herokuapp.com", 
        "date": "2014-04-25", 
        "offices": [
            1
        ], 
        "slug": "spending-stories"
    }
},
{
    "pk": 2, 
    "model": "jplusplus.projectpluginmodel", 
    "fields": {
        "highlighted": false, 
        "offices": []
    }
},
{
    "pk": 7, 
    "model": "jplusplus.projectpluginmodel", 
    "fields": {
        "highlighted": true, 
        "offices": []
    }
},
{
    "pk": 9, 
    "model": "jplusplus.projectpluginmodel", 
    "fields": {
        "highlighted": false, 
        "offices": []
    }
},
{
    "pk": 28, 
    "model": "jplusplus.projectpluginmodel", 
    "fields": {
        "highlighted": false, 
        "offices": [
            1
        ]
    }
},
{
    "pk": 32, 
    "model": "jplusplus.projectpluginmodel", 
    "fields": {
        "highlighted": false, 
        "offices": [
            1
        ]
    }
},
{
    "pk": 38, 
    "model": "jplusplus.projectpluginmodel", 
    "fields": {
        "highlighted": true, 
        "offices": []
    }
},
{
    "pk": 47, 
    "model": "jplusplus.projectpluginmodel", 
    "fields": {
        "highlighted": true, 
        "offices": []
    }
},
{
    "pk": 56, 
    "model": "jplusplus.projectpluginmodel", 
    "fields": {
        "highlighted": true, 
        "offices": []
    }
},
{
    "pk": 1, 
    "model": "jplusplus.titletranslation", 
    "fields": {
        "language_code": "en", 
        "master": 1, 
        "title": "What we Do"
    }
},
{
    "pk": 2, 
    "model": "jplusplus.titletranslation", 
    "fields": {
        "language_code": "en", 
        "master": 2, 
        "title": "Let's talk"
    }
},
{
    "pk": 3, 
    "model": "jplusplus.titletranslation", 
    "fields": {
        "language_code": "en", 
        "master": 3, 
        "title": "Our Work"
    }
},
{
    "pk": 4, 
    "model": "jplusplus.titletranslation", 
    "fields": {
        "language_code": "en", 
        "master": 4, 
        "title": "Who we are"
    }
},
{
    "pk": 5, 
    "model": "jplusplus.titletranslation", 
    "fields": {
        "language_code": "fr", 
        "master": 4, 
        "title": "Qui sommes nous"
    }
},
{
    "pk": 1, 
    "model": "jplusplus.title", 
    "fields": {
        "anchor": "what-we-do"
    }
},
{
    "pk": 2, 
    "model": "jplusplus.title", 
    "fields": {
        "anchor": "lets-talk"
    }
},
{
    "pk": 3, 
    "model": "jplusplus.title", 
    "fields": {
        "anchor": "our-work"
    }
},
{
    "pk": 4, 
    "model": "jplusplus.title", 
    "fields": {
        "anchor": "who-we-are"
    }
},
{
    "pk": 4, 
    "model": "jplusplus.titlepluginmodel", 
    "fields": {
        "title": 1
    }
},
{
    "pk": 6, 
    "model": "jplusplus.titlepluginmodel", 
    "fields": {
        "title": 3
    }
},
{
    "pk": 15, 
    "model": "jplusplus.titlepluginmodel", 
    "fields": {
        "title": 4
    }
},
{
    "pk": 16, 
    "model": "jplusplus.titlepluginmodel", 
    "fields": {
        "title": 2
    }
},
{
    "pk": 30, 
    "model": "jplusplus.titlepluginmodel", 
    "fields": {
        "title": 3
    }
},
{
    "pk": 33, 
    "model": "jplusplus.titlepluginmodel", 
    "fields": {
        "title": 3
    }
},
{
    "pk": 36, 
    "model": "jplusplus.titlepluginmodel", 
    "fields": {
        "title": 1
    }
},
{
    "pk": 37, 
    "model": "jplusplus.titlepluginmodel", 
    "fields": {
        "title": 3
    }
},
{
    "pk": 39, 
    "model": "jplusplus.titlepluginmodel", 
    "fields": {
        "title": 4
    }
},
{
    "pk": 41, 
    "model": "jplusplus.titlepluginmodel", 
    "fields": {
        "title": 2
    }
},
{
    "pk": 45, 
    "model": "jplusplus.titlepluginmodel", 
    "fields": {
        "title": 1
    }
},
{
    "pk": 46, 
    "model": "jplusplus.titlepluginmodel", 
    "fields": {
        "title": 3
    }
},
{
    "pk": 48, 
    "model": "jplusplus.titlepluginmodel", 
    "fields": {
        "title": 4
    }
},
{
    "pk": 50, 
    "model": "jplusplus.titlepluginmodel", 
    "fields": {
        "title": 2
    }
},
{
    "pk": 54, 
    "model": "jplusplus.titlepluginmodel", 
    "fields": {
        "title": 1
    }
},
{
    "pk": 55, 
    "model": "jplusplus.titlepluginmodel", 
    "fields": {
        "title": 3
    }
},
{
    "pk": 57, 
    "model": "jplusplus.titlepluginmodel", 
    "fields": {
        "title": 4
    }
},
{
    "pk": 58, 
    "model": "jplusplus.titlepluginmodel", 
    "fields": {
        "title": 2
    }
}
]
